證券代號,證券名稱,成交股數,成交金額,開盤價,最高價,最低價,收盤價,漲跌價差,成交筆數
"0050","元大台灣50","14,304,763","1,121,570,149","78.50","78.80","78.15","78.20","-0.05","6,896"
"0051","元大中型100","9,000","276,010","30.73","30.73","30.60","30.60","-0.13","8"
"0052","富邦科技","113,136","5,801,136","51.40","51.70","51.00","51.00","-0.95","15"
"0053","元大電子","8,000","264,500","33.26","33.26","32.80","32.91","-0.21","6"
"0054","元大台商50","4,000","83,850","21.00","21.00","20.91","20.91","-0.09","4"
"0055","元大MSCI金融","21,000","361,820","17.12","17.25","17.12","17.25","+0.13","12"
"0056","元大高股息","16,697,262","428,409,129","25.84","25.85","25.54","25.70"," 0.00","7,014"
"0057","富邦摩台","26,000","1,284,070","49.54","49.54","49.35","49.35","-0.22","4"
"0058","富邦發達","27,000","1,215,470","45.14","45.14","44.98","44.98","-0.10","5"
"0059","富邦金融","140,000","6,164,020","43.71","44.10","43.71","44.10","+0.44","10"
"0061","元大寶滬深","962,563","16,460,931","17.17","17.21","16.96","17.00","-0.26","295"
"006203","元大MSCI台灣","1,000","36,250","36.25","36.25","36.25","36.25","-0.17","1"
"006204","永豐臺灣加權","1,000","51,500","51.50","51.50","51.50","51.50","X0.00","1"
"006205","富邦上証","2,366,201","70,432,233","30.01","30.05","29.52","29.64","-0.49","340"
"006206","元大上證50","265,437","8,169,178","31.01","31.30","30.58","30.58","-0.61","124"
"006207","FH滬深","475,000","10,544,630","22.40","22.43","22.02","22.13","-0.39","102"
"006208","富邦台50","208,227","9,324,756","44.81","45.00","44.65","44.68"," 0.00","151"
"00625K","富邦上証+R","50,000","331,000","6.62","6.62","6.62","6.62","-0.09","2"
"00631L","元大台灣50正2","1,741,250","63,736,592","36.68","36.85","36.39","36.45","+0.03","661"
"00632R","元大台灣50反1","110,008,069","1,342,815,553","12.19","12.25","12.15","12.22"," 0.00","4,673"
"00633L","富邦上証正2","40,542,000","1,640,437,720","40.96","41.38","39.78","39.88","-1.08","7,214"
"00634R","富邦上証反1","8,382,017","56,120,951","6.66","6.75","6.60","6.73","+0.07","781"
"00635U","元大S&P黃金","542,999","10,248,448","18.90","18.90","18.85","18.87","-0.18","194"
"00636","國泰中國A50","2,496,795","50,857,559","20.49","20.57","20.19","20.23","-0.28","613"
"00636K","國泰中國A50+U","500","3,255","6.51","6.51","6.51","6.51","-0.09","1"
"00637L","元大滬深300正2","203,145,938","3,143,426,160","15.63","15.78","15.19","15.20","-0.43","21,577"
"00638R","元大滬深300反1","6,940,000","93,839,920","13.40","13.63","13.33","13.59","+0.18","1,090"
"00639","富邦深100","1,808,611","17,730,134","9.90","9.95","9.73","9.76","-0.20","282"
"00640L","富邦日本正2","470,000","8,702,450","18.48","18.58","18.47","18.54","+0.06","50"
"00641R","富邦日本反1","357,000","5,503,010","15.41","15.44","15.39","15.41","-0.02","49"
"00642U","元大S&P石油","836,216","15,849,876","18.92","19.00","18.92","18.93","+0.15","315"
"00643","群益深証中小","863,599","9,760,947","11.36","11.47","11.21","11.24","-0.27","274"
"00643K","群益深証中小+R","0","0","0.00","0.00","0.00","0.00"," 0.00","0"
"00645","富邦日本","67,617","1,353,120","20.00","20.04","20.00","20.03","+0.03","13"
"00646","元大S&P500","71,786","1,951,300","27.16","27.24","27.14","27.23","+0.07","37"
"00647L","元大S&P500正2","7,000","242,810","34.78","34.78","34.59","34.71","+0.18","6"
"00648R","元大S&P500反1","460,000","5,824,800","12.65","12.68","12.63","12.68","-0.01","171"
"00649","FH香港","46,000","972,870","21.17","21.17","21.09","21.12","-0.09","6"
"00650L","FH香港正2","90,000","2,701,620","29.90","30.39","29.80","29.86","-0.38","27"
"00651R","FH香港反1","739,000","6,193,340","8.36","8.41","8.34","8.40","+0.04","59"
"00652","富邦印度","183,304","4,451,160","23.90","24.51","23.90","24.51","+1.11","114"
"00653L","富邦印度正2","896,200","27,567,140","29.89","31.20","29.89","30.90","+1.87","323"
"00654R","富邦印度反1","158,000","2,187,940","13.88","13.93","13.77","13.80","-0.47","51"
"00655L","國泰中國A50正2","14,365,000","414,599,050","29.22","29.50","28.34","28.40","-0.80","2,999"
"00656R","國泰中國A50反1","2,104,000","25,815,190","12.21","12.39","12.15","12.37","+0.16","284"
"00657","國泰日經225","4,000","105,560","26.44","26.44","26.31","26.40","+0.06","4"
"00657K","國泰日經225+U","100","839","8.39","8.39","8.39","8.39","-0.04","1"
"00658L","國泰日本正2","97,000","3,107,770","32.15","32.15","32.01","32.06","+0.17","12"
"00659R","國泰日本反1","50,000","629,970","12.60","12.62","12.59","12.62","-0.05","8"
"00660","元大歐洲50","3,000","74,370","24.79","24.79","24.79","24.79","+0.02","1"
"00661","元大日經225","0","0","0.00","0.00","0.00","0.00"," 0.00","0"
"00662","富邦NASDAQ","158,130","5,056,262","32.00","32.04","31.94","31.97","+0.03","21"
"00663L","國泰臺灣加權正2","36,000","1,207,720","33.61","33.68","33.43","33.43","+0.07","15"
"00664R","國泰臺灣加權反1","5,411,000","74,709,020","13.82","13.88","13.77","13.85","-0.01","259"
"00665L","富邦恒生國企正2","89,000","2,322,960","26.50","26.56","25.91","25.91","-0.46","34"
"00666R","富邦恒生國企反1","256,000","3,610,130","15.59","15.59","13.65","13.90","+0.14","30"
"00668","國泰美國道瓊","9,000","257,310","28.55","28.63","28.55","28.61","+0.21","9"
"00668K","國泰美國道瓊+U","100","910","9.10","9.10","9.10","9.10","-0.01","1"
"00669R","國泰美國道瓊反1","1,188,000","15,293,960","12.86","12.88","12.84","12.87","-0.03","102"
"00670L","富邦NASDAQ正2","210,000","7,212,720","34.34","34.48","34.25","34.28","-0.22","48"
"00671R","富邦NASDAQ反1","1,269,000","16,379,340","12.89","12.93","12.87","12.91","+0.02","399"
"00672L","元大S&P原油正2","9,523,000","196,048,200","20.54","20.70","20.51","20.51","+0.31","1,687"
"00673R","元大S&P原油反1","3,681,000","51,136,100","13.95","13.95","13.86","13.92","-0.12","518"
"00674R","元大S&P黃金反1","61,000","1,204,020","19.73","19.76","19.69","19.76","+0.18","7"
"00675L","富邦臺灣加權正2","494,000","7,190,210","14.57","14.63","14.44","14.49","+0.06","79"
"00676R","富邦臺灣加權反1","1,900,000","14,190,490","7.46","7.50","7.45","7.48","-0.01","184"
"00677U","富邦VIX","64,837,900","351,398,029","5.41","5.45","5.40","5.43","-0.07","4,915"
"00678","群益NBI生技","378,416","8,153,713","21.54","21.55","21.52","21.55","+0.01","20"
"00680L","元大美債20正2","5,000","103,250","20.65","20.65","20.65","20.65"," 0.00","1"
"00681R","元大美債20反1","0","0","0.00","0.00","0.00","0.00"," 0.00","0"
"00682U","元大美元指數","3,000","58,420","19.46","19.49","19.46","19.49","+0.05","3"
"00683L","元大美元指數正2","19,000","369,760","19.43","19.54","19.43","19.54","+0.14","11"
"00684R","元大美元指數反1","0","0","0.00","0.00","0.00","0.00"," 0.00","0"
"00685L","群益臺灣加權正2","24,000","306,060","12.76","12.80","12.72","12.72","-0.05","13"
"00686R","群益臺灣加權反1","1,175,000","9,607,630","8.16","8.19","8.14","8.17","-0.01","27"
"00688L","國泰20年美債正2","100,000","2,102,000","21.02","21.02","21.02","21.02","-0.01","2"
"00689R","國泰20年美債反1","100,000","1,831,000","18.31","18.31","18.31","18.31","+0.02","2"
"00690","兆豐藍籌30","200,000","4,206,520","21.00","21.11","21.00","21.08","+0.08","27"
"00691R","兆豐藍籌30反1","11,000","178,780","16.25","16.28","16.25","16.28","X0.00","2"
"00692","富邦公司治理","706,470","14,601,646","20.68","20.78","20.63","20.65","-0.01","191"
"00693U","華頓S&P黃豆","956,000","14,057,580","14.73","14.73","14.68","14.69","-0.15","194"
"00700","富邦恒生國企","104,477","2,109,801","20.27","20.31","20.19","20.19","-0.08","6"
"00701","國泰臺灣低波動30","51,863","1,114,307","21.43","21.53","21.43","21.53","+0.13","30"
"00702","國泰標普低波高息","4,000","86,050","21.49","21.53","21.49","21.53","+0.11","4"
"00703","台新MSCI中國","465,000","9,309,330","20.20","20.20","19.88","19.88","-0.33","126"
"00706L","元大S&P日圓正2","22,000","392,130","17.83","17.83","17.81","17.81","-0.17","5"
"00707R","元大S&P日圓反1","0","0","0.00","0.00","0.00","0.00"," 0.00","0"
"00708L","元大S&P黃金正2","2,310,000","39,054,720","17.02","17.02","16.87","16.88","-0.27","477"
"00709","富邦歐洲","101,200","2,082,532","20.45","20.58","20.45","20.58","-0.02","4"
"00710B","FH彭博高收益債","754,000","15,796,970","20.97","20.98","20.92","20.92","+0.04","618"
"00711B","FH彭博新興債","159,000","3,320,180","20.85","20.91","20.83","20.90","+0.11","19"
"00712","FH富時不動產","230,000","4,316,570","18.78","18.78","18.74","18.78","-0.08","104"
"00713","元大台灣高息低波","21,000","632,620","30.19","30.19","30.08","30.15","+0.05","9"
"00714","群益道瓊美國地產","109,000","2,388,150","21.90","21.92","21.90","21.92","+0.13","7"
"00715L","華頓S&P布蘭特正2","25,000","677,440","27.00","27.12","27.00","27.10","+0.25","15"
"00716R","華頓S&P布蘭特反1","1,000","14,170","14.17","14.17","14.17","14.17","-0.15","1"
"00717","富邦美國特別股","362,106","7,192,658","19.86","19.90","19.85","19.87","+0.01","99"
"00728","第一金工業30","910,000","16,599,470","18.28","18.28","18.20","18.21","+0.01","68"
"00729R","第一金工業30反1","0","0","0.00","0.00","0.00","0.00"," 0.00","0"
"00730","富邦臺灣優質高息","209,636","3,826,860","18.26","18.27","18.21","18.21","+0.08","46"
"00731","FH富時高息低波","11,000","530,640","48.14","48.41","48.14","48.27","+0.22","11"
"00732","國泰RMB短期報酬","100,000","3,991,000","39.91","39.91","39.91","39.91","+0.07","4"
"00733","富邦臺灣中小","224,000","3,657,660","16.41","16.41","16.23","16.33","-0.08","14"
"00735","國泰臺韓科技","126,000","2,141,050","17.04","17.07","16.97","16.97","-0.03","9"
"00736","國泰新興市場","119,000","2,304,110","19.51","19.51","19.35","19.36","+0.04","9"
"00737","國泰AI+Robo","953,045","20,957,412","22.00","22.01","21.95","22.01","-0.03","136"
"00738U","元大道瓊白銀","130,000","2,181,650","16.88","16.88","16.71","16.78","-0.14","53"
"00739","元大MSCI A股","1,951,117","38,488,945","19.74","19.93","19.57","19.63","-0.31","310"
"00742","新光內需收益","5,000","102,230","20.36","20.53","20.36","20.45","+0.23","5"
"00743","國泰中國A150","377,000","7,510,440","20.19","20.19","19.77","19.95","-0.33","69"
"00752","中信中國50","507,532","11,538,706","23.10","23.10","22.57","22.57","-0.53","93"
"00753L","中信中國50正2","889,000","20,930,750","24.43","24.43","23.21","23.21","-1.04","364"
"00757","統一FANG+","1,178,000","23,660,860","20.30","20.30","20.07","20.11","-0.33","112"
"00762","元大全球AI","230,000","5,148,870","22.40","22.44","22.33","22.35","-0.08","104"
"00763U","國票道瓊銅","6,000","117,210","19.54","19.54","19.51","19.51","X0.00","2"
"00766L","台新MSCI中國正2","1,087,000","10,654,110","9.94","10.03","9.70","9.70","-0.31","260"
"00767","FH美國金融股","100,000","2,163,000","21.63","21.63","21.63","21.63","-0.08","2"
"00770","國泰北美科技","105,000","2,446,650","23.30","23.33","23.30","23.33","-0.01","12"
"00771","元大US高息特別股","271,000","5,509,970","20.33","20.35","20.32","20.34","+0.04","100"
"00774B","新光中國政金綠債","0","0","0.00","0.00","0.00","0.00"," 0.00","0"
"00775B","新光投等債15+","1,000","42,140","42.14","42.14","42.14","42.14","-0.07","1"
"00776","新光ICE美國權值","1,000","21,240","21.24","21.24","21.24","21.24","+0.06","1"
"00783","富邦中証500","3,325,481","58,771,164","17.89","17.90","17.50","17.60","-0.41","324"
"008201","BP上證50","300","30,105","100.10","100.60","100.10","100.35","+1.45","3"
"00830","國泰費城半導體","783,000","10,839,510","13.88","13.88","13.83","13.84","-0.14","90"
"01001T","土銀富邦R1","110,000","1,645,600","14.99","14.99","14.95","14.98","-0.01","8"
"01002T","土銀國泰R1","41,000","625,450","15.25","15.26","15.24","15.26","+0.01","18"
"01003T","兆豐新光R1","31,000","514,900","16.61","16.61","16.60","16.60","-0.01","4"
"01004T","土銀富邦R2","123,000","1,612,000","13.10","13.19","13.10","13.19"," 0.00","9"
"01007T","兆豐國泰R2","1,671,100","26,737,430","16.00","16.00","15.99","16.00"," 0.00","311"
"01009T","王道圓滿R1","68,000","616,770","9.07","9.08","9.07","9.07"," 0.00","7"
"01010T","京城樂富R1","29,000","289,870","10.00","10.00","9.99","10.00"," 0.00","7"
"020000","富邦特選蘋果N","65,000","282,310","4.35","4.36","4.32","4.35","+0.02","22"
"020002","元富新中國N","68,000","929,390","13.76","13.78","13.56","13.56","-0.39","36"
"020004","兆豐電菁英30N","1,000","18,630","18.63","18.63","18.63","18.63","-0.26","1"
"020005","永豐外資50N","0","0","0.00","0.00","0.00","0.00"," 0.00","0"
"020006","永昌中小300N","0","0","0.00","0.00","0.00","0.00"," 0.00","0"
"020007","凱基臺灣500N","14,000","264,440","18.92","18.92","18.84","18.84","X0.00","6"
"020008","元大特股高息N","152,000","1,502,770","9.88","9.90","9.87","9.87","+0.01","48"
"1101","台泥","16,141,134","684,662,805","42.50","42.60","42.20","42.35","+0.10","5,871"
"1101B","台泥乙特","28,378","1,498,782","52.70","52.90","52.70","52.90"," 0.00","22"
"1102","亞泥","12,113,236","531,639,033","44.00","44.45","43.55","44.00","+0.25","6,473"
"1103","嘉泥","2,464,957","38,786,562","15.60","15.95","15.60","15.85","+0.30","756"
"1104","環泥","302,650","5,805,378","19.30","19.35","19.10","19.10","-0.10","173"
"1108","幸福","24,000","167,320","6.99","7.00","6.95","6.96","-0.03","16"
"1109","信大","1,619,975","28,337,367","18.10","18.25","17.05","17.20","-0.90","841"
"1110","東泥","12,053","195,858","16.25","16.25","16.25","16.25"," 0.00","3"
"1201","味全","2,844,433","77,073,141","27.55","27.75","26.70","27.10","-0.45","1,281"
"1203","味王","24,112","628,066","26.10","26.10","26.00","26.05","-0.05","20"
"1210","大成","8,824,552","338,316,854","37.65","39.20","37.50","38.15","+0.65","5,013"
"1215","卜蜂","5,454,709","363,955,796","65.30","67.40","65.30","66.80","+1.80","3,597"
"1216","統一","12,206,669","972,390,409","78.20","80.00","78.20","80.00","+1.20","6,504"
"1217","愛之味","250,356","1,744,324","6.99","7.01","6.92","6.92","-0.04","117"
"1218","泰山","877,567","17,300,584","19.90","19.90","19.60","19.75","-0.05","324"
"1219","福壽","5,222","94,446","18.10","18.10","18.05","18.05","-0.05","8"
"1220","台榮","41,002","448,121","11.00","11.00","10.90","11.00"," 0.00","25"
"1225","福懋油","98,015","7,029,672","72.00","72.00","71.10","72.00"," 0.00","24"
"1227","佳格","1,316,129","73,037,754","55.10","56.10","54.60","55.50","+0.40","885"
"1229","聯華","2,023,394","72,059,098","35.50","35.85","35.45","35.60","-0.10","1,191"
"1231","聯華食","241,784","10,480,799","43.50","43.75","43.05","43.35","-0.15","205"
"1232","大統益","78,648","8,972,020","114.00","115.00","113.00","114.00"," 0.00","91"
"1233","天仁","2,270","87,479","38.30","38.30","38.30","38.30"," 0.00","6"
"1234","黑松","48,458","1,557,556","32.10","32.30","32.10","32.15","+0.05","40"
"1235","興泰","24,294","676,301","28.00","28.00","27.75","27.90","-0.25","25"
"1236","宏亞","15,068","203,269","13.50","13.50","13.45","13.45","-0.05","14"
"1256","鮮活果汁-KY","39,300","6,813,000","173.50","175.00","172.00","174.00","-0.50","33"
"1262","綠悅-KY","1,160,680","33,859,157","31.15","31.15","28.35","29.35","-2.15","703"
"1301","台塑","4,614,229","505,153,059","109.50","110.00","109.00","110.00","+1.50","2,116"
"1303","南亞","4,191,539","323,233,230","77.00","77.50","76.80","77.50","+1.00","2,061"
"1304","台聚","454,044","5,338,658","11.70","11.80","11.70","11.80","+0.10","173"
"1305","華夏","1,825,750","38,327,769","21.05","21.25","20.80","20.90","-0.10","993"
"1307","三芳","98,799","2,346,752","23.80","23.85","23.60","23.75","+0.20","60"
"1308","亞聚","570,403","7,761,404","13.70","13.70","13.50","13.60","-0.05","247"
"1309","台達化","4,142,397","44,899,583","10.65","11.15","10.60","11.05","+0.55","1,171"
"1310","台苯","1,822,499","44,285,439","24.45","24.55","24.15","24.15","-0.30","1,101"
"1312","國喬","2,804,637","60,380,940","21.30","21.70","21.25","21.50","+0.25","1,484"
"1312A","國喬特","30,000","1,001,150","33.35","33.45","33.35","33.45"," 0.00","10"
"1313","聯成","1,010,166","11,101,009","11.00","11.10","10.90","10.95","-0.05","425"
"1314","中石化","5,694,688","63,888,729","11.20","11.30","11.15","11.20"," 0.00","1,473"
"1315","達新","42,675","1,338,359","31.60","31.60","31.35","31.40","+0.10","19"
"1316","上曜","213,350","3,140,644","14.70","14.80","14.65","14.65","-0.05","128"
"1319","東陽","825,032","35,721,631","43.70","43.80","42.95","43.00","+0.15","602"
"1321","大洋","181,151","4,998,522","27.65","27.80","27.45","27.50","-0.15","80"
"1323","永裕","136,005","4,645,223","34.50","34.50","33.90","34.50","+0.15","88"
"1324","地球","61,006","678,216","11.10","11.20","10.95","11.15","+0.05","25"
"1325","恆大","18,186","290,694","16.00","16.10","15.95","16.00","-0.05","15"
"1326","台化","4,961,739","530,290,073","106.50","107.50","106.00","107.00","+1.00","1,598"
"1337","再生-KY","429,471","2,849,553","6.67","6.75","6.60","6.72","+0.05","147"
"1338","廣華-KY","146,060","9,430,233","64.80","65.10","64.20","64.30","-0.70","106"
"1339","昭輝","102,051","3,645,230","35.75","36.10","35.50","35.60","-0.05","83"
"1340","勝悅-KY","288,939","5,707,094","20.00","20.00","19.60","19.70","-0.30","212"
"1341","富林-KY","10,013","529,395","52.80","53.00","52.40","53.00","+0.60","13"
"1402","遠東新","20,902,126","684,603,186","32.00","33.15","32.00","32.60","+0.85","7,912"
"1409","新纖","914,717","12,066,769","13.10","13.25","13.10","13.20","+0.10","381"
"1410","南染","23,050","634,961","27.50","27.60","27.50","27.50"," 0.00","18"
"1413","宏洲","58,204","729,829","12.70","12.70","12.35","12.50","-0.10","27"
"1414","東和","68,124","458,220","6.75","6.75","6.70","6.73","-0.02","39"
"1416","廣豐","127,274","1,883,210","14.85","14.85","14.75","14.75","-0.10","57"
"1417","嘉裕","3,990,658","24,742,967","6.30","6.30","6.06","6.14","-0.16","995"
"1418","東華","7,135","61,533","8.55","8.81","8.55","8.81","-0.69","11"
"1419","新紡","6,310","271,380","42.70","43.95","42.30","43.30","+0.90","9"
"1423","利華","137,543","1,375,310","9.95","10.00","9.95","10.00"," 0.00","25"
"1432","大魯閣","86,000","683,230","7.90","8.09","7.80","7.93","+0.03","49"
"1434","福懋","993,096","37,110,978","37.20","37.70","37.20","37.35","+0.25","702"
"1435","中福","87,132","473,551","5.48","5.48","5.39","5.41","-0.04","27"
"1436","華友聯","29,282","1,178,649","40.20","40.65","40.20","40.50","+0.30","8"
"1437","勤益控","1,109,218","22,799,041","20.80","20.90","20.20","20.65","-0.25","475"
"1438","裕豐","7,200","69,663","9.31","10.15","9.30","10.15","+0.55","8"
"1439","中和","306,608","9,214,990","29.90","30.50","29.85","29.90","-0.15","162"
"1440","南紡","806,719","9,813,157","12.10","12.25","12.05","12.15","+0.10","303"
"1441","大東","539,561","7,747,443","14.35","14.60","14.20","14.40","-0.10","268"
"1442","名軒","160,162","2,550,042","15.65","16.15","15.65","15.95","+0.30","124"
"1443","立益","38,999","300,140","7.44","7.87","7.42","7.84","+0.26","34"
"1444","力麗","805,304","7,830,435","9.75","9.78","9.67","9.70","-0.04","332"
"1445","大宇","38,001","285,167","7.54","7.54","7.48","7.54"," 0.00","22"
"1446","宏和","234,002","7,158,362","30.95","30.95","30.30","30.80","-0.15","124"
"1447","力鵬","519,653","3,722,777","7.21","7.21","7.14","7.16","-0.02","197"
"1449","佳和","26,081","115,187","4.40","4.44","4.39","4.39","-0.01","17"
"1451","年興","99,063","2,675,601","27.10","27.10","26.95","27.00","-0.15","74"
"1452","宏益","241,005","4,893,902","20.35","20.40","20.20","20.30","-0.05","91"
"1453","大將","16,471","149,104","9.06","9.06","9.03","9.03","-0.02","12"
"1454","台富","9,002","71,346","7.98","8.00","7.84","8.00"," 0.00","9"
"1455","集盛","246,802","2,144,230","8.72","8.77","8.66","8.67","-0.05","105"
"1456","怡華","9,000","79,510","8.71","8.97","8.71","8.93","+0.22","8"
"1457","宜進","2,020,733","29,620,732","14.50","14.75","14.50","14.70","+0.25","655"
"1459","聯發","52,154","404,676","7.76","7.79","7.70","7.70","+0.05","19"
"1460","宏遠","624,520","7,341,606","11.85","11.90","11.70","11.80","-0.10","274"
"1463","強盛","146,777","2,259,136","15.40","15.45","15.35","15.35","+0.05","86"
"1464","得力","4,431,479","109,070,857","23.70","25.05","23.70","24.80","+1.35","2,328"
"1465","偉全","106,913","1,594,116","15.00","15.00","14.80","14.85","+0.05","31"
"1466","聚隆","25,508","224,793","8.82","8.82","8.81","8.81","-0.04","16"
"1467","南緯","220,489","2,018,587","9.31","9.33","9.01","9.23","-0.08","87"
"1468","昶和","67,000","655,770","9.72","10.05","9.70","10.00","+0.13","28"
"1470","大統新創","1,000","21,500","21.50","21.50","21.50","21.50","-0.70","1"
"1471","首利","57,608","266,675","4.64","4.65","4.61","4.64","-0.02","30"
"1472","三洋紡","54,002","1,754,164","32.40","32.80","32.25","32.50","+0.10","34"
"1473","台南","568,354","15,266,837","27.20","27.45","26.55","27.00"," 0.00","355"
"1474","弘裕","105,004","1,046,048","10.05","10.05","9.93","9.98","-0.07","42"
"1475","本盟","7,000","45,610","6.36","6.65","6.36","6.65","-0.35","7"
"1476","儒鴻","1,405,328","583,194,808","409.00","420.00","406.50","414.50","+12.50","1,238"
"1477","聚陽","1,257,474","278,961,510","218.50","224.00","218.50","221.00","+2.50","1,105"
"1503","士電","635,129","28,941,366","44.05","46.00","44.05","45.75","+1.50","389"
"1504","東元","3,825,117","84,351,881","21.95","22.30","21.80","22.20","+0.30","1,655"
"1506","正道","312,002","6,203,088","19.90","19.95","19.50","19.70","-0.25","16"
"1507","永大","293,904","19,136,746","64.40","65.70","64.40","65.50","+1.50","252"
"1512","瑞利","65,013","314,085","5.02","5.02","4.80","5.02"," 0.00","21"
"1513","中興電","2,186,218","45,813,748","21.05","21.15","20.80","21.05","-0.10","628"
"1514","亞力","3,325,115","55,037,440","16.30","16.80","16.20","16.65","+0.50","1,255"
"1515","力山","4,222,607","328,130,798","79.30","79.30","76.60","77.60","-0.40","3,011"
"1516","川飛","13,371","204,993","15.30","15.50","15.30","15.50","+0.25","10"
"1517","利奇","162,002","1,581,538","9.86","9.86","9.71","9.74","-0.09","70"
"1519","華城","1,137,180","26,081,261","22.80","23.20","22.60","22.90","+0.45","513"
"1521","大億","17,000","1,039,400","61.50","62.10","60.00","62.10","+0.60","15"
"1522","堤維西","1,375,464","38,718,484","28.10","28.45","28.00","28.00","+0.15","844"
"1524","耿鼎","97,531","1,014,133","10.45","10.45","10.35","10.40"," 0.00","39"
"1525","江申","50,060","2,900,385","58.50","58.50","57.30","57.50","-1.00","46"
"1526","日馳","430,001","12,198,681","29.00","29.30","28.00","28.05","-0.65","303"
"1527","鑽全","1,561,203","88,620,750","57.80","57.90","56.50","56.70","-0.80","1,180"
"1528","恩德","157,109","1,434,793","9.15","9.18","9.10","9.18","+0.08","54"
"1529","樂士","206,328","3,515,637","16.20","17.60","15.80","17.60","+1.60","149"
"1530","亞崴","52,100","1,555,250","29.35","30.00","29.35","29.80","-0.20","26"
"1531","高林股","121,214","1,988,652","16.45","16.50","16.35","16.35","-0.10","40"
"1532","勤美","927,263","31,445,535","34.50","34.55","33.80","33.80","-0.80","397"
"1533","車王電","60,797","2,096,625","34.35","34.70","34.35","34.35"," 0.00","50"
"1535","中宇","52,372","1,675,278","32.00","32.20","31.85","32.00"," 0.00","42"
"1536","和大","2,165,916","188,344,887","84.80","89.90","84.20","88.70","+2.50","1,576"
"1537","廣隆","201,051","32,519,813","164.00","164.00","161.00","161.50","-2.50","172"
"1538","正峰新","25,376","125,872","5.00","5.00","4.95","4.99","-0.03","11"
"1539","巨庭","37,002","877,547","23.80","23.85","23.60","23.65","+0.10","31"
"1540","喬福","700,435","15,331,701","21.85","22.15","21.75","21.75","+0.05","353"
"1541","錩泰","68,019","1,807,648","27.40","27.40","26.50","26.55","-0.10","44"
"1558","伸興","147,562","21,274,706","145.00","145.50","143.00","143.50","-1.50","149"
"1560","中砂","160,000","9,281,200","57.90","58.50","57.40","58.20","+0.30","121"
"1568","倉佑","49,465","954,243","19.20","19.40","19.10","19.40","+0.20","29"
"1582","信錦","408,450","32,443,468","80.20","80.20","79.00","79.10","-1.10","376"
"1583","程泰","2,023","119,345","59.00","59.00","59.00","59.00"," 0.00","3"
"1587","吉茂","24,000","453,650","18.90","18.95","18.90","18.90"," 0.00","5"
"1589","永冠-KY","3,375,339","200,772,405","58.60","61.20","57.70","59.20","+1.10","2,323"
"1590","亞德客-KY","1,925,613","615,282,434","333.00","333.00","313.50","317.00","-11.50","1,789"
"1592","英瑞-KY","249,000","5,381,950","22.35","22.35","21.20","21.20","-0.80","207"
"1598","岱宇","113,004","4,304,852","38.20","38.30","37.65","38.00","+0.10","49"
"1604","聲寶","924,186","15,468,344","16.70","16.85","16.60","16.80","+0.25","384"
"1605","華新","17,074,969","267,764,398","15.30","15.85","15.30","15.70","+0.60","5,552"
"1608","華榮","2,758,158","28,093,394","10.15","10.35","10.05","10.15"," 0.00","911"
"1609","大亞","4,623,027","50,749,345","10.75","11.15","10.75","11.10","+0.40","1,293"
"1611","中電","245,831","2,451,516","10.00","10.10","9.92","9.94","-0.04","151"
"1612","宏泰","129,002","1,298,020","10.10","10.15","10.00","10.00"," 0.00","64"
"1614","三洋電","789,100","24,202,410","30.40","31.10","30.20","30.35","+0.15","385"
"1615","大山","96,550","1,619,257","16.95","16.95","16.65","16.65","-0.20","50"
"1616","億泰","102,150","465,375","4.66","4.66","4.54","4.55","-0.11","27"
"1617","榮星","51,000","678,950","13.75","13.75","13.25","13.35","-0.15","23"
"1618","合機","72,000","599,980","8.39","8.39","8.30","8.39","+0.09","18"
"1626","艾美特-KY","714,013","17,620,775","23.50","25.60","23.50","24.85","+1.30","371"
"1701","中化","212,020","3,922,520","18.50","18.55","18.45","18.55","+0.05","85"
"1702","南僑","147,057","7,514,225","51.30","51.30","50.80","51.10","-0.20","136"
"1707","葡萄王","166,264","35,646,597","212.00","215.50","212.00","213.50","+1.50","167"
"1708","東鹼","77,360","1,973,141","25.65","25.65","25.45","25.50","+0.05","49"
"1709","和益","120,065","1,641,979","13.75","13.75","13.65","13.65","-0.10","83"
"1710","東聯","1,351,204","32,729,495","24.25","24.30","24.10","24.25"," 0.00","727"
"1711","永光","145,768","2,407,078","16.45","16.60","16.45","16.45"," 0.00","82"
"1712","興農","713,947","13,866,267","19.40","19.50","19.30","19.35","-0.05","344"
"1713","國化","22,389","425,428","19.00","19.05","18.85","19.05","+0.05","15"
"1714","和桐","1,092,324","7,407,842","6.77","6.84","6.73","6.74","-0.03","367"
"1717","長興","714,050","18,351,227","25.40","25.85","25.35","25.75","+0.25","349"
"1718","中纖","3,310,927","30,176,156","9.10","9.23","9.06","9.08"," 0.00","880"
"1720","生達","70,285","2,297,174","32.75","32.90","32.55","32.60","-0.15","64"
"1721","三晃","18,517","170,805","9.20","9.29","9.20","9.27","+0.07","15"
"1722","台肥","10,703,286","514,330,221","47.30","49.00","47.25","48.20","+1.20","5,114"
"1723","中碳","192,218","25,075,882","131.50","132.50","128.00","131.00","-0.50","182"
"1724","台硝","29,002","381,626","13.20","13.25","13.10","13.25","-0.05","22"
"1725","元禎","38,861","569,134","14.75","14.75","14.60","14.75","-0.05","26"
"1726","永記","279","20,088","0.00","0.00","0.00","0.00"," 0.00","8"
"1727","中華化","19,180","248,840","12.95","13.10","12.95","13.10","+0.15","19"
"1730","花仙子","399,277","31,646,677","78.00","80.10","78.00","80.10","+2.30","324"
"1731","美吾華","126,104","1,680,793","13.50","13.50","13.25","13.30"," 0.00","61"
"1732","毛寶","30,000","315,500","10.65","10.65","10.50","10.50"," 0.00","14"
"1733","五鼎","161,027","5,123,414","31.75","31.95","31.75","31.75","+0.05","129"
"1734","杏輝","156,198","2,990,147","19.20","19.40","19.00","19.20"," 0.00","101"
"1735","日勝化","5,151","78,644","15.30","15.35","15.20","15.35","+0.15","7"
"1736","喬山","2,856,231","142,300,276","50.00","51.00","48.95","49.70","+0.20","1,951"
"1737","臺鹽","1,366,817","45,402,780","32.30","33.70","32.30","33.55","+1.45","783"
"1760","寶齡富錦","450,003","42,913,785","95.50","96.50","94.60","95.00"," 0.00","374"
"1762","中化生","140,501","3,457,673","24.90","24.90","24.45","24.50","-0.20","101"
"1773","勝一","74,503","6,167,350","83.00","83.60","82.50","82.50","-0.20","53"
"1776","展宇","17,000","289,050","17.20","17.20","16.95","17.00","+0.45","10"
"1783","和康生","98,001","2,268,523","23.30","23.45","23.00","23.05","-0.25","70"
"1786","科妍","149,614","9,088,119","59.50","61.70","59.50","61.10","-0.10","131"
"1789","神隆","392,912","9,415,788","23.80","24.20","23.50","24.00","+0.50","271"
"1802","台玻","968,697","11,555,555","11.80","12.00","11.80","11.90","+0.10","382"
"1805","寶徠","12,000","114,740","9.20","9.85","9.20","9.68","+0.03","11"
"1806","冠軍","149,177","944,096","6.33","6.38","6.30","6.38","+0.04","56"
"1808","潤隆","583,730","36,233,442","62.10","62.40","61.80","62.00"," 0.00","411"
"1809","中釉","229,578","2,342,765","10.35","10.35","10.15","10.20","-0.10","91"
"1810","和成","52,600","409,938","7.78","7.84","7.76","7.78","-0.03","28"
"1817","凱撒衛","55,000","2,080,500","38.00","38.00","37.75","38.00"," 0.00","36"
"1902","台紙","130,037","2,393,724","18.50","18.55","18.20","18.40","-0.10","66"
"1903","士紙","29,046","947,032","32.45","32.80","32.25","32.25","-0.20","38"
"1904","正隆","1,397,997","26,998,325","19.30","19.45","19.20","19.35","+0.10","659"
"1905","華紙","301,080","2,859,689","9.47","9.57","9.47","9.51","+0.04","109"
"1906","寶隆","58,000","789,750","13.65","13.70","13.55","13.65"," 0.00","35"
"1907","永豐餘","807,176","9,304,321","11.50","11.60","11.45","11.50","+0.05","274"
"1909","榮成","2,216,904","35,024,733","15.65","16.00","15.65","15.70","+0.20","1,079"
"2002","中鋼","11,420,781","276,432,698","24.15","24.40","24.10","24.20","+0.20","3,386"
"2002A","中鋼特","7,000","324,950","46.40","46.45","46.40","46.45"," 0.00","6"
"2006","東和鋼鐵","939,857","20,771,736","22.15","22.30","21.95","22.10","+0.10","575"
"2007","燁興","14,005","68,004","4.85","4.86","4.85","4.86"," 0.00","10"
"2008","高興昌","22","269","0.00","0.00","0.00","0.00"," 0.00","1"
"2009","第一銅","285,850","2,864,668","10.05","10.10","9.97","10.05"," 0.00","112"
"2010","春源","175,013","1,819,981","10.45","10.45","10.35","10.40"," 0.00","63"
"2012","春雨","24,101","564,752","23.70","23.70","23.30","23.35","+0.05","24"
"2013","中鋼構","790,600","20,343,408","25.10","26.30","25.10","25.50","+0.50","534"
"2014","中鴻","3,917,142","42,412,061","10.95","10.95","10.75","10.80","-0.05","1,017"
"2015","豐興","319,806","19,869,608","62.10","62.30","62.00","62.10","+0.10","180"
"2017","官田鋼","107,754","866,650","8.02","8.08","8.02","8.08","+0.07","41"
"2020","美亞","319,883","5,303,428","16.65","16.65","16.50","16.50","-0.10","125"
"2022","聚亨","1,210,593","7,983,100","6.58","6.62","6.55","6.56","+0.05","316"
"2023","燁輝","1,127,761","10,381,597","9.20","9.29","9.15","9.15","-0.06","480"
"2024","志聯","32,325","340,561","10.60","10.60","10.50","10.50","-0.10","18"
"2025","千興","134,001","245,791","1.87","1.87","1.74","1.76","-0.06","18"
"2027","大成鋼","6,230,814","276,208,668","43.90","44.80","43.85","43.95","+0.05","2,948"
"2028","威致","89,251","827,441","9.23","9.34","9.21","9.28","+0.07","38"
"2029","盛餘","58,628","1,090,114","18.60","18.70","18.55","18.65","+0.05","44"
"2030","彰源","421,863","5,368,601","12.75","12.75","12.65","12.75","+0.05","100"
"2031","新光鋼","2,012,982","62,344,290","30.20","31.40","30.15","30.70","+0.80","1,210"
"2032","新鋼","20,260","179,187","8.77","8.87","8.77","8.85","+0.08","12"
"2033","佳大","64,006","638,319","9.90","10.20","9.87","9.91","+0.16","41"
"2034","允強","264,221","6,948,658","26.40","26.45","26.20","26.35","+0.10","139"
"2038","海光","46,003","343,892","7.48","7.51","7.44","7.44","-0.01","33"
"2049","上銀","2,661,393","654,174,678","250.50","251.00","242.50","245.00"," 0.00","1,979"
"2059","川湖","106,110","31,981,050","304.00","305.50","300.00","302.50","+1.50","106"
"2062","橋椿","212,200","7,306,979","34.90","34.90","34.20","34.65","+0.25","94"
"2069","運錩","351,295","8,309,441","23.80","23.85","23.50","23.60","-0.20","184"
"2101","南港","1,654,266","57,231,448","35.30","35.30","34.00","34.55","+0.05","750"
"2102","泰豐","3,333,552","43,062,700","13.20","13.40","12.70","12.70","-0.35","1,142"
"2103","台橡","508,318","13,854,396","27.00","27.50","27.00","27.15","+0.20","352"
"2104","國際中橡","7,117,425","265,013,521","37.85","37.85","36.85","37.35","-0.50","3,763"
"2105","正新","3,188,913","125,311,740","39.10","39.60","38.75","39.35","+0.70","2,251"
"2106","建大","372,336","10,603,826","28.40","28.60","28.35","28.50","+0.10","264"
"2107","厚生","212,178","3,672,715","17.30","17.45","17.20","17.30"," 0.00","145"
"2108","南帝","1,129,121","38,462,635","34.80","35.00","33.60","33.85","-0.85","676"
"2109","華豐","124,798","1,321,516","10.65","10.65","10.55","10.60","-0.40","70"
"2114","鑫永銓","14,400","1,224,059","85.00","85.20","84.80","84.80","+0.20","16"
"2115","六暉-KY","18,000","688,500","38.30","38.30","38.20","38.30","+0.05","9"
"2201","裕隆","28,928,287","653,654,414","22.50","23.05","22.30","22.50","+0.35","8,967"
"2204","中華","1,593,317","44,138,347","27.90","27.95","27.45","27.65","-0.15","717"
"2206","三陽工業","1,406,190","29,720,898","21.30","21.40","20.95","21.00","-0.30","677"
"2207","和泰車","546,618","249,681,544","453.50","459.50","452.00","458.50","+10.00","544"
"2208","台船","4,293,851","115,279,971","25.70","27.40","25.70","27.40","+1.90","2,519"
"2227","裕日車","124,300","31,636,000","250.00","257.00","249.50","253.50","+4.00","116"
"2228","劍麟","100,363","8,350,029","84.40","84.40","82.50","82.90","-1.30","91"
"2231","為升","728,500","196,952,000","280.50","281.00","264.50","268.00","-10.50","629"
"2236","百達-KY","10,000","253,750","25.45","25.50","25.30","25.30"," 0.00","9"
"2239","英利-KY","92,000","10,319,500","109.00","113.00","109.00","113.00","+2.50","84"
"2243","宏旭-KY","35,563","515,385","14.60","14.80","14.40","14.45","-0.05","33"
"2301","光寶科","3,462,784","150,831,644","43.05","43.95","43.05","43.65","+0.70","2,042"
"2302","麗正","37,064","300,796","8.08","8.19","8.08","8.11","+0.03","29"
"2303","聯電","36,419,272","468,417,888","13.05","13.10","12.75","12.75","-0.25","8,666"
"2305","全友","277,331","1,688,635","6.10","6.14","6.03","6.03","-0.07","61"
"2308","台達電","5,290,608","759,448,563","144.00","145.00","142.00","145.00","+2.50","3,112"
"2312","金寶","1,370,169","13,865,546","10.15","10.20","10.10","10.10","-0.05","304"
"2313","華通","6,912,928","163,439,852","24.05","24.20","23.35","23.50","-0.25","3,162"
"2314","台揚","1,011,850","22,848,559","22.45","23.00","22.20","22.40","-0.05","596"
"2316","楠梓電","5,146,149","114,171,028","22.35","22.45","21.85","21.90","+0.10","2,248"
"2317","鴻海","31,140,335","2,340,545,371","75.30","76.10","74.70","75.00","+0.30","13,575"
"2321","東訊","51,100","99,435","1.98","1.98","1.89","1.95","-0.03","10"
"2323","中環","26,136,211","165,861,697","6.52","6.57","6.17","6.25","-0.27","4,471"
"2324","仁寶","5,885,539","110,876,968","18.80","18.95","18.75","18.85","+0.05","2,061"
"2327","國巨","5,257,170","1,323,658,340","253.50","255.50","249.50","251.50","+2.00","4,048"
"2328","廣宇","2,068,352","48,848,498","23.30","24.10","23.30","23.45"," 0.00","1,094"
"2329","華泰","4,667,462","62,064,063","13.60","13.70","13.10","13.30","-0.30","959"
"2330","台積電","47,097,661","11,303,513,908","242.50","243.00","238.00","238.00","-3.50","13,099"
"2331","精英","689,589","8,495,502","12.55","12.65","12.15","12.20","-0.30","326"
"2332","友訊","5,251,970","61,342,248","11.95","11.95","11.50","11.50","-0.25","1,691"
"2337","旺宏","32,115,890","715,490,031","22.25","22.65","22.05","22.10","-0.15","8,738"
"2338","光罩","1,040,069","23,902,155","23.45","23.45","22.70","22.75","-0.35","540"
"2340","光磊","1,852,522","38,320,396","21.00","21.05","20.50","20.50","-0.30","867"
"2342","茂矽","422,169","7,426,547","17.90","18.00","17.40","17.55","-0.35","238"
"2344","華邦電","7,823,316","109,219,692","13.90","14.05","13.90","13.95","+0.10","2,589"
"2345","智邦","6,049,415","720,917,670","122.00","123.00","117.00","118.50","-3.00","3,955"
"2347","聯強","3,222,761","121,228,236","37.40","37.95","37.30","37.65","+0.55","1,608"
"2348","海悅","378,176","15,258,050","41.30","41.30","39.90","40.05","-1.25","287"
"2349","錸德","6,335,699","51,453,235","8.30","8.30","7.99","8.12","-0.09","1,836"
"2351","順德","486,001","30,550,362","64.10","64.60","62.20","62.40","-1.70","342"
"2352","佳世達","3,166,947","59,881,334","18.80","19.05","18.75","18.90","+0.20","1,091"
"2353","宏碁","4,281,395","79,052,145","18.40","18.70","18.30","18.45","+0.20","1,747"
"2354","鴻準","1,528,829","93,304,969","60.80","61.50","60.70","61.00","+0.30","1,093"
"2355","敬鵬","825,675","26,919,650","32.45","32.95","32.15","32.15","-0.30","577"
"2356","英業達","4,944,858","118,825,018","24.05","24.10","23.90","24.10","+0.15","2,213"
"2357","華碩","955,499","207,096,525","216.00","218.50","214.00","218.50","+3.50","737"
"2358","廷鑫","22,001","346,715","15.70","16.00","15.60","15.80","+0.10","17"
"2359","所羅門","934,436","20,335,341","22.10","22.35","21.50","21.55","-0.55","531"
"2360","致茂","1,559,002","204,723,763","132.00","133.00","129.00","129.00","-1.00","884"
"2362","藍天","260,396","7,310,697","27.70","28.30","27.65","28.30","+0.55","186"
"2363","矽統","1,124,303","8,642,211","7.89","7.89","7.61","7.63","-0.12","538"
"2364","倫飛","29,736","83,563","2.85","2.85","2.78","2.78","-0.05","14"
"2365","昆盈","145,132","1,224,386","8.50","8.50","8.38","8.47","+0.02","73"
"2367","燿華","13,605,649","244,758,541","18.80","18.80","17.65","17.65","-1.15","4,983"
"2368","金像電","9,216,230","104,322,063","11.85","11.85","11.00","11.10","-0.80","2,994"
"2369","菱生","1,221,984","10,201,112","8.60","8.65","8.23","8.25","-0.41","666"
"2371","大同","6,052,827","136,780,074","22.40","22.95","22.35","22.65","+0.40","2,139"
"2373","震旦行","40,980","3,906,200","95.30","96.30","94.00","95.30","+1.40","49"
"2374","佳能","192,172","2,520,848","13.15","13.25","13.10","13.10","+0.05","108"
"2375","智寶","754,535","30,894,899","41.20","41.45","40.55","40.75","+0.05","517"
"2376","技嘉","3,325,110","149,744,850","44.30","45.65","44.30","44.75","-0.15","2,038"
"2377","微星","2,277,343","176,362,817","77.10","77.90","76.80","77.90","+0.90","1,524"
"2379","瑞昱","5,319,977","1,082,430,762","210.50","211.50","198.50","206.50","-4.00","3,997"
"2380","虹光","670,962","2,073,858","3.17","3.22","3.00","3.10","-0.07","170"
"2382","廣達","6,816,423","382,310,195","56.40","56.60","55.50","56.30","-0.10","3,347"
"2383","台光電","5,716,239","498,476,932","89.70","90.50","85.20","87.60","-2.30","4,081"
"2385","群光","1,727,121","121,400,397","71.10","71.20","69.70","70.30","-0.50","1,058"
"2387","精元","37,878","665,457","17.70","17.70","17.50","17.60","-0.15","48"
"2388","威盛","3,968,353","134,751,184","32.70","35.35","32.70","33.10","+0.75","2,415"
"2390","云辰","972,828","10,732,308","11.20","11.35","10.85","10.90","-0.25","517"
"2392","正崴","1,426,587","45,671,387","32.15","32.35","31.60","32.10","+0.55","917"
"2393","億光","852,275","23,606,125","27.60","27.90","27.55","27.55","-0.10","429"
"2395","研華","757,261","188,263,445","250.00","251.00","246.00","247.00","-1.50","584"
"2397","友通","1,404,699","118,828,738","80.20","87.90","80.20","87.90","+7.90","923"
"2399","映泰","287,901","2,829,270","9.82","9.91","9.75","9.82","+0.07","150"
"2401","凌陽","813,901","9,478,205","11.55","11.80","11.55","11.55"," 0.00","381"
"2402","毅嘉","533,442","7,633,644","14.50","14.60","14.20","14.20","-0.30","244"
"2404","漢唐","6,561,401","1,013,112,249","158.50","159.50","149.00","149.00","-9.50","4,495"
"2405","浩鑫","610,231","6,657,563","10.85","11.00","10.80","10.85"," 0.00","282"
"2406","國碩","12,696,523","114,984,208","9.25","9.40","8.71","8.82","-0.23","4,525"
"2408","南亞科","7,071,609","430,516,349","60.60","61.30","60.60","60.90","+0.30","3,801"
"2409","友達","34,984,361","335,613,911","9.60","9.68","9.53","9.55","-0.06","6,590"
"2412","中華電","10,262,621","1,145,221,931","111.00","112.00","111.00","111.50","+0.50","3,766"
"2413","環科","133,061","2,624,844","19.65","20.00","19.60","19.70","+0.25","85"
"2414","精技","8,260,901","156,239,902","20.95","21.05","20.90","20.90","-0.05","47"
"2415","錩新","68,341","1,493,114","22.20","22.20","21.65","21.75","-0.25","53"
"2417","圓剛","755,202","8,264,738","11.30","11.30","10.80","10.80","-0.20","357"
"2419","仲琦","1,270,105","25,981,198","20.50","20.70","20.00","20.60","+0.10","746"
"2420","新巨","179,857","6,594,713","36.70","36.85","36.50","36.65","+0.05","124"
"2421","建準","636,970","19,553,071","30.55","30.95","30.35","30.65","+0.25","476"
"2423","固緯","257,084","7,098,146","27.85","28.00","27.50","27.90","+0.05","152"
"2424","隴華","3,002","91,560","30.50","30.50","30.50","30.50"," 0.00","4"
"2425","承啟","374,302","10,252,408","27.45","27.55","27.25","27.35","+0.10","211"
"2426","鼎元","302,038","4,729,740","15.60","15.80","15.60","15.70","+0.10","211"
"2427","三商電","40,006","406,461","10.10","10.20","10.10","10.20"," 0.00","20"
"2428","興勤","216,503","17,461,238","80.40","81.50","79.50","79.50","-0.60","193"
"2429","銘旺科","14,007","208,502","15.70","15.70","14.70","14.70","-1.20","12"
"2430","燦坤","59,158","1,139,025","19.30","19.40","19.15","19.15","-0.15","46"
"2431","聯昌","102,061","963,304","9.55","9.59","9.31","9.38","-0.12","61"
"2433","互盛電","91,620","4,309,577","47.35","47.35","46.80","47.05","+0.05","50"
"2434","統懋","30,884","210,182","6.86","6.94","6.65","6.65","-0.33","17"
"2436","偉詮電","707,340","16,914,433","24.50","24.60","23.65","23.75","-0.65","501"
"2438","翔耀","1,004","7,027","7.00","7.00","7.00","7.00"," 0.00","2"
"2439","美律","5,317,659","836,445,099","162.50","163.50","154.00","161.00","-0.50","3,736"
"2440","太空梭","1","8","0.00","0.00","0.00","0.00"," 0.00","1"
"2441","超豐","351,432","14,153,762","40.15","40.60","40.10","40.50","+0.30","261"
"2442","新美齊","3,328,506","45,429,882","14.00","14.05","13.50","13.65","-0.25","1,220"
"2443","新利虹","155,309","541,069","3.50","3.53","3.45","3.46","-0.12","44"
"2444","兆勁","1,985,367","38,528,485","20.40","20.40","18.40","19.70","-0.70","675"
"2448","晶電","6,470,805","155,073,727","24.20","24.35","23.60","24.00","+0.10","2,728"
"2449","京元電子","19,191,700","503,797,687","26.45","27.35","25.15","27.00","+0.35","8,268"
"2450","神腦","97,401","3,189,310","32.70","32.90","32.65","32.75","+0.05","101"
"2451","創見","345,310","24,153,624","69.40","70.20","69.40","69.80","+0.40","263"
"2453","凌群","928,298","13,755,439","14.80","15.00","14.45","15.00","+0.50","459"
"2454","聯發科","5,080,134","1,471,544,273","291.50","293.00","286.50","290.00","-1.00","3,306"
"2455","全新","6,686,415","500,388,721","76.40","76.80","72.40","76.00","+1.30","4,664"
"2456","奇力新","2,074,286","181,537,082","88.90","89.20","86.50","86.70","-1.00","1,836"
"2457","飛宏","606,643","5,422,457","8.93","9.01","8.85","8.96","+0.03","195"
"2458","義隆","3,212,938","225,670,898","69.00","70.90","68.50","70.60","+2.40","2,198"
"2459","敦吉","45,280","1,739,364","38.55","38.55","38.40","38.45","-0.10","35"
"2460","建通","84,504","846,898","10.10","10.15","9.98","10.15","+0.05","40"
"2461","光群雷","32,134","447,309","14.00","14.00","13.80","13.95","+0.05","21"
"2462","良得電","114,749","3,162,657","27.70","27.70","27.25","27.60","+0.05","62"
"2464","盟立","2,207,602","106,917,804","49.35","49.50","47.90","48.50","-0.50","1,445"
"2465","麗臺","114,282","1,315,812","11.75","11.75","11.45","11.45","-0.05","74"
"2466","冠西電","100,000","3,304,100","33.30","33.55","32.30","32.30","-1.15","63"
"2467","志聖","1,236,712","38,560,447","31.65","31.80","30.35","31.65"," 0.00","701"
"2468","華經","166,494","1,987,745","12.05","12.10","11.80","11.80","-0.25","110"
"2471","資通","51,004","872,918","17.05","17.30","17.05","17.10","+0.05","38"
"2472","立隆電","140,283","5,149,841","37.20","37.20","36.40","36.50","-0.25","124"
"2474","可成","3,237,944","675,240,072","212.00","213.00","205.00","210.50","+0.50","2,309"
"2476","鉅祥","78,322","1,864,512","23.80","23.90","23.75","23.90","+0.05","36"
"2477","美隆電","47,142","1,014,623","21.65","21.65","21.35","21.35","-0.15","30"
"2478","大毅","882,307","40,458,344","46.10","46.35","45.40","45.40","-0.20","688"
"2480","敦陽科","338,642","17,446,628","51.90","52.10","51.10","51.20","-0.70","248"
"2481","強茂","1,729,260","41,241,615","24.00","24.20","23.50","23.90"," 0.00","874"
"2482","連宇","64,002","694,472","10.90","10.90","10.80","10.90","-0.10","31"
"2483","百容","96,100","1,933,520","20.10","20.25","20.05","20.20","+0.10","51"
"2484","希華","315,502","6,017,462","19.05","19.15","19.00","19.10","+0.05","142"
"2485","兆赫","1,016,002","20,112,390","19.85","20.10","19.60","19.65","-0.20","573"
"2486","一詮","359,002","2,885,856","8.09","8.12","7.97","8.05","-0.03","141"
"2488","漢平","404,002","14,918,830","37.30","37.50","36.70","36.90","-0.35","254"
"2489","瑞軒","1,129,952","12,393,062","11.15","11.20","10.90","10.90","-0.25","453"
"2491","吉祥全","28,028","156,912","5.60","5.73","5.56","5.73","+0.14","18"
"2492","華新科","8,550,830","1,416,998,527","166.50","168.50","163.50","163.50","-0.50","5,659"
"2493","揚博","517,469","15,176,834","29.60","29.60","29.15","29.20","-0.40","315"
"2495","普安","375,741","4,813,886","13.00","13.05","12.70","12.70","-0.25","134"
"2496","卓越","14,259","1,157,538","82.00","82.00","80.00","81.80","-0.20","19"
"2497","怡利電","67,503","1,450,013","21.20","21.80","21.20","21.80","+0.60","57"
"2498","宏達電","5,464,317","189,237,002","35.00","35.10","34.10","34.55"," 0.00","3,064"
"2499","東貝","879,018","7,594,904","8.68","8.75","8.59","8.59","-0.09","297"
"2501","國建","1,026,991","25,854,569","25.10","25.35","25.00","25.20","+0.10","604"
"2504","國產","2,856,457","24,920,247","8.86","8.86","8.65","8.68","-0.19","1,046"
"2505","國揚","198,183","2,251,415","11.30","11.45","11.30","11.35","-0.05","94"
"2506","太設","21,276","244,239","11.45","11.50","11.45","11.50"," 0.00","28"
"2509","全坤建","32,039","889,179","28.00","28.00","27.60","27.80","+0.10","30"
"2511","太子","857,832","9,658,414","11.30","11.30","11.20","11.25","-0.05","329"
"2514","龍邦","73,957","1,164,718","15.75","15.80","15.70","15.75","-0.10","43"
"2515","中工","11,387,993","92,862,512","8.16","8.23","8.05","8.21","+0.13","2,722"
"2516","新建","21,008","127,378","6.09","6.09","6.06","6.06","-0.03","17"
"2520","冠德","3,598,602","76,493,722","21.40","21.90","20.85","21.90","+0.45","1,392"
"2524","京城","272,024","7,125,874","26.80","26.80","25.90","25.90","-0.75","138"
"2527","宏璟","100,069","2,123,269","21.35","21.40","21.15","21.15","-0.20","55"
"2528","皇普","140,100","2,223,070","16.00","16.05","15.70","15.85","-0.10","34"
"2530","華建","76,604","1,247,191","16.40","16.45","16.15","16.30","-0.20","55"
"2534","宏盛","4,112,203","83,350,594","20.05","20.55","19.90","20.20","+0.15","1,859"
"2535","達欣工","714,601","15,065,018","21.00","21.20","20.95","21.15","+0.15","293"
"2536","宏普","173,000","3,351,400","19.40","19.45","19.35","19.35","-0.05","60"
"2537","聯上發","577,622","3,911,857","6.81","6.83","6.73","6.83","+0.02","136"
"2538","基泰","415,940","4,804,207","11.60","11.65","11.50","11.50","-0.10","121"
"2539","櫻花建","32,547","959,935","29.50","29.50","29.30","29.50"," 0.00","19"
"2540","愛山林","12,019","298,668","24.85","24.85","24.85","24.85","X0.00","2"
"2542","興富發","1,380,611","66,200,178","47.55","48.25","47.50","47.95","+0.45","950"
"2543","皇昌","1,002","7,514","7.50","7.50","7.50","7.50"," 0.00","3"
"2545","皇翔","114,502","3,147,578","27.45","27.90","27.40","27.55","-0.05","45"
"2546","根基","221,103","7,251,776","32.65","32.90","32.65","32.85","+0.20","134"
"2547","日勝生","548,688","7,163,663","13.10","13.20","12.90","12.90","-0.20","283"
"2548","華固","737,299","57,208,468","77.50","78.80","77.10","78.50","+1.00","683"
"2597","潤弘","46,119","2,637,077","57.00","57.40","57.00","57.20","-0.20","40"
"2601","益航","1,162,234","13,195,029","11.40","11.50","11.25","11.25","-0.10","402"
"2603","長榮","5,821,285","70,419,066","12.10","12.20","12.05","12.05"," 0.00","1,533"
"2605","新興","1,671,199","25,494,080","15.30","15.40","15.05","15.20","-0.10","408"
"2606","裕民","379,981","11,636,161","30.35","30.80","30.35","30.65","+0.30","249"
"2607","榮運","7,074,019","100,552,015","14.45","14.45","14.05","14.20","-0.20","1,674"
"2608","嘉里大榮","316,528","11,361,982","36.00","36.10","35.80","35.85","-0.15","279"
"2609","陽明","1,140,791","9,090,416","7.99","8.00","7.93","7.97","+0.01","379"
"2610","華航","5,107,269","48,479,501","9.35","9.55","9.35","9.51","+0.16","1,837"
"2611","志信","170,543","1,306,260","7.69","7.73","7.61","7.64","-0.04","44"
"2612","中航","176,515","5,316,449","30.30","30.30","30.00","30.15"," 0.00","109"
"2613","中櫃","187,482","2,477,313","13.35","13.35","13.05","13.10","-0.25","98"
"2614","東森","621,169","7,348,643","11.85","11.95","11.70","11.80","-0.05","284"
"2615","萬海","1,402,483","24,030,234","17.00","17.20","16.95","17.10","+0.15","628"
"2616","山隆","27,457","819,219","29.80","29.90","29.80","29.85","+0.05","40"
"2617","台航","435,129","8,268,707","19.10","19.10","18.90","19.05","+0.10","242"
"2618","長榮航","4,280,206","64,163,694","15.05","15.05","14.90","15.00","+0.05","1,188"
"2630","亞航","10,000","212,500","21.25","21.25","21.25","21.25"," 0.00","6"
"2633","台灣高鐵","13,305,041","546,535,484","40.50","41.80","40.20","40.55","+0.40","6,090"
"2634","漢翔","743,400","23,495,466","31.75","31.80","31.50","31.50","-0.05","467"
"2636","台驊投控","258,409","6,480,304","25.10","25.20","25.00","25.10","-0.10","184"
"2637","慧洋-KY","893,744","26,162,593","29.35","29.50","29.20","29.30","-0.20","486"
"2642","宅配通","49,000","1,113,400","22.60","22.85","22.60","22.70","+0.30","34"
"2701","萬企","21,403","271,875","12.70","12.75","12.65","12.75"," 0.00","19"
"2702","華園","189,500","3,405,624","18.15","18.40","17.80","17.80","-0.35","125"
"2704","國賓","85,994","1,852,719","21.55","21.60","21.50","21.55"," 0.00","54"
"2705","六福","2,047,269","14,475,783","7.31","7.40","6.90","6.96","-0.40","691"
"2706","第一店","51,827","744,874","14.40","14.45","14.30","14.40"," 0.00","32"
"2707","晶華","205,525","32,213,736","157.00","157.00","156.50","157.00"," 0.00","145"
"2712","遠雄來","6,000","249,550","41.30","41.95","41.30","41.85","-0.05","5"
"2722","夏都","6,172","151,831","24.60","24.60","24.60","24.60"," 0.00","7"
"2723","美食-KY","233,247","44,137,930","188.00","190.50","186.00","186.00","-2.00","224"
"2727","王品","177,322","14,838,106","84.40","84.40","82.60","84.00","+0.20","157"
"2731","雄獅","41,000","3,496,400","85.00","85.90","85.00","85.10","+0.10","37"
"2739","寒舍","11,100","318,204","28.55","28.80","28.55","28.80","+0.05","9"
"2748","雲品","65,049","3,948,659","61.20","61.20","60.50","60.90","-0.30","45"
"2801","彰銀","31,648,818","597,074,005","18.35","19.10","18.35","19.00","+0.65","5,062"
"2809","京城銀","2,047,301","68,697,405","33.25","33.85","33.20","33.75","+0.65","828"
"2812","台中銀","4,074,085","48,407,311","11.85","11.90","11.80","11.90","+0.05","1,031"
"2816","旺旺保","313,982","6,229,294","19.85","19.95","19.80","19.85","-0.15","110"
"2820","華票","436,084","6,441,137","14.70","14.80","14.70","14.80","+0.10","333"
"2823","中壽","5,347,577","129,356,307","23.95","24.30","23.95","24.25","+0.35","2,272"
"2832","台產","270,629","5,460,852","20.05","20.25","20.05","20.25","+0.20","146"
"2834","臺企銀","18,591,413","231,836,966","12.40","12.50","12.40","12.45","+0.10","2,983"
"2836","高雄銀","252,858","2,418,026","9.59","9.59","9.53","9.53"," 0.00","91"
"2838","聯邦銀","5,991,348","67,394,763","11.10","11.35","11.10","11.25","+0.20","1,496"
"2838A","聯邦銀甲特","48,000","2,628,000","54.70","54.80","54.70","54.80","+0.10","17"
"2841","台開","1,239,690","10,668,863","8.61","8.65","8.58","8.60"," 0.00","380"
"2845","遠東銀","2,962,778","34,625,629","11.65","11.75","11.60","11.75","+0.15","595"
"2849","安泰銀","189,954","2,845,961","15.05","15.10","14.80","14.90","-0.15","84"
"2850","新產","195,490","7,591,385","38.85","38.90","38.70","38.80"," 0.00","116"
"2851","中再保","92,455","1,658,735","17.95","18.00","17.90","17.95"," 0.00","46"
"2852","第一保","210,002","3,086,678","14.80","14.85","14.60","14.70","-0.10","95"
"2855","統一證","528,591","7,100,916","13.45","13.55","13.40","13.40","-0.05","215"
"2867","三商壽","1,492,901","15,150,429","10.10","10.20","10.10","10.20","+0.10","518"
"2880","華南金","11,100,485","222,743,664","20.00","20.15","19.95","20.05","+0.15","2,855"
"2881","富邦金","13,526,621","567,934,060","41.95","42.20","41.80","41.90"," 0.00","4,549"
"2881A","富邦特","225,855","14,721,559","65.20","65.20","65.00","65.20","-0.10","41"
"2881B","富邦金乙特","153,057","9,688,706","63.40","63.40","63.20","63.40"," 0.00","36"
"2882","國泰金","15,683,872","631,309,666","40.25","40.45","40.10","40.20","+0.20","5,628"
"2882A","國泰特","416,553","26,661,234","64.10","64.20","64.00","64.20","+0.10","33"
"2882B","國泰金乙特","480,148","30,059,545","62.60","62.80","62.50","62.80"," 0.00","45"
"2883","開發金","21,299,622","194,498,359","9.12","9.19","9.08","9.16","+0.11","5,378"
"2884","玉山金","15,726,247","398,458,513","25.20","25.50","25.15","25.50","+0.35","3,851"
"2885","元大金","10,141,293","176,189,388","17.40","17.45","17.30","17.40","+0.10","2,007"
"2886","兆豐金","22,896,506","694,316,073","30.35","30.40","30.20","30.40","+0.40","6,363"
"2887","台新金","11,132,175","153,570,401","13.75","13.85","13.70","13.85","+0.10","2,546"
"2887E","台新戊特","59,232","3,281,206","55.40","55.40","55.30","55.40","+0.10","17"
"2887F","台新戊特二","72,300","3,737,877","51.70","51.80","51.70","51.80"," 0.00","45"
"2888","新光金","22,465,565","188,130,195","8.34","8.43","8.34","8.38","+0.05","4,003"
"2889","國票金","2,321,102","23,918,277","10.25","10.35","10.25","10.30","+0.05","688"
"2890","永豐金","13,696,570","162,255,912","11.80","11.90","11.80","11.85","+0.05","3,195"
"2891","中信金","29,777,947","622,281,882","20.85","21.05","20.80","20.90","+0.20","4,938"
"2891B","中信金乙特","419,956","26,961,057","64.30","64.30","64.10","64.30"," 0.00","45"
"2891C","中信金丙特","170,109","10,391,874","61.10","61.10","61.00","61.10"," 0.00","89"
"2892","第一金","17,732,703","387,675,098","21.60","22.00","21.60","21.85","+0.30","5,069"
"2897","王道銀行","803,818","6,296,710","7.82","7.89","7.80","7.85","+0.03","223"
"2897A","王道銀甲特","59,000","610,650","10.35","10.35","10.35","10.35"," 0.00","21"
"2901","欣欣","16,010","382,431","23.75","23.95","23.75","23.95","-0.05","15"
"2903","遠百","2,567,959","44,101,390","17.25","17.30","17.05","17.20"," 0.00","820"
"2904","匯僑","61,510","1,433,983","23.35","23.40","23.20","23.40","+0.05","46"
"2905","三商","300,749","5,101,912","16.95","17.05","16.85","16.85","-0.10","158"
"2906","高林","321,409","3,394,494","10.50","10.60","10.50","10.60","+0.20","118"
"2908","特力","165,775","3,542,982","21.30","21.50","21.30","21.40","+0.10","132"
"2910","統領","7,000","180,000","25.60","26.25","25.60","25.75","X0.00","6"
"2911","麗嬰房","193,772","1,578,742","8.11","8.20","8.11","8.13","-0.08","58"
"2912","統一超","1,941,227","588,464,361","298.00","305.00","298.00","304.50","+6.50","1,672"
"2913","農林","5,796,835","96,802,804","16.95","17.10","16.40","16.60","-0.60","2,148"
"2915","潤泰全","1,052,253","73,030,694","68.80","69.80","68.80","69.50","+0.80","801"
"2923","鼎固-KY","91,000","1,973,000","21.95","21.95","21.60","21.75","-0.20","28"
"2929","淘帝-KY","407,526","33,123,933","82.00","82.00","81.00","81.20","-0.70","349"
"2936","客思達-KY","10,000","252,950","25.20","25.45","25.15","25.45","+0.05","9"
"2939","凱羿-KY","10,000","1,009,000","101.00","101.50","100.00","100.00","-0.50","10"
"3002","歐格","48,003","485,680","10.00","10.30","10.00","10.10","+0.10","29"
"3003","健和興","172,694","6,864,819","39.80","40.05","39.65","39.70","+0.10","130"
"3004","豐達科","566,488","46,831,320","84.10","84.80","81.00","81.70","-2.50","428"
"3005","神基","1,024,012","43,117,628","42.40","42.70","41.85","41.85","-0.70","715"
"3006","晶豪科","353,173","10,536,474","29.90","30.10","29.70","29.75","-0.20","258"
"3008","大立光","889,138","3,535,339,510","3,890.00","4,045.00","3,890.00","3,985.00","+135.00","1,044"
"3010","華立","96,470","5,107,210","52.40","53.30","52.40","53.30","+0.90","81"
"3011","今皓","41,475","291,115","7.04","7.04","6.96","7.04"," 0.00","31"
"3013","晟銘電","255,053","3,850,438","15.15","15.30","14.85","15.00","-0.10","126"
"3014","聯陽","334,600","11,169,066","33.75","33.80","33.15","33.25","-0.45","247"
"3015","全漢","62,000","1,186,500","19.05","19.20","19.05","19.15","-0.15","44"
"3016","嘉晶","2,489,352","102,733,484","43.10","43.60","40.35","40.45","-2.25","1,632"
"3017","奇鋐","36,236,997","1,276,465,642","36.20","36.75","34.35","34.35","-1.65","17,365"
"3018","同開","68,131","1,867,262","27.50","27.75","27.10","27.15","-0.35","49"
"3019","亞光","2,150,809","161,748,576","75.80","76.10","74.10","75.20","+0.20","1,471"
"3021","鴻名","44,004","647,208","14.75","14.85","14.60","14.70","-0.05","26"
"3022","威強電","86,796","2,862,457","32.65","33.20","32.65","32.85","+0.20","74"
"3023","信邦","381,992","41,563,616","108.00","110.50","107.00","109.50","+1.50","317"
"3024","憶聲","57,139","388,750","6.82","6.84","6.75","6.83","-0.02","30"
"3025","星通","108,405","2,183,450","20.70","20.70","19.85","20.15","-0.30","92"
"3026","禾伸堂","805,330","77,593,410","96.70","97.40","95.70","96.00","-0.10","641"
"3027","盛達","229,061","1,794,916","7.80","7.93","7.80","7.85","+0.05","91"
"3028","增你強","179,012","4,014,871","22.45","22.65","22.30","22.40"," 0.00","135"
"3029","零壹","5,347,710","151,541,082","28.85","29.20","28.00","28.50","-0.40","2,739"
"3030","德律","255,245","13,276,435","52.80","52.80","51.40","52.00","-0.60","174"
"3031","佰鴻","215,406","2,396,616","11.15","11.25","11.00","11.25","+0.15","98"
"3032","偉訓","126,000","3,307,100","26.50","26.60","26.10","26.20","-0.45","105"
"3033","威健","432,291","8,491,988","19.65","19.75","19.60","19.75","+0.10","233"
"3034","聯詠","8,653,072","1,566,365,032","184.50","184.50","178.50","180.00","-7.50","5,781"
"3035","智原","1,959,814","87,125,267","45.40","45.50","43.90","43.90","-0.45","1,369"
"3036","文曄","1,205,373","45,873,482","38.05","38.15","37.90","38.15","+0.10","772"
"3037","欣興","66,804,234","2,064,744,372","31.90","32.40","29.90","30.45","-1.15","26,090"
"3038","全台","1,884,440","26,859,453","14.65","14.70","14.00","14.20","-0.40","675"
"3040","遠見","14,090","457,207","32.60","32.60","32.20","32.25","-0.40","12"
"3041","揚智","2,041,161","18,084,834","9.12","9.15","8.59","8.59","-0.53","918"
"3042","晶技","782,658","26,817,928","34.70","34.75","34.05","34.20","-0.50","474"
"3043","科風","8,001","19,279","2.35","2.43","2.35","2.43","+0.03","10"
"3044","健鼎","903,211","83,800,423","93.00","93.70","91.80","93.00","+0.10","693"
"3045","台灣大","4,652,741","538,137,215","115.00","116.00","115.00","115.50","+0.50","2,193"
"3046","建碁","9,263","222,068","24.10","24.55","23.85","23.85","-0.25","12"
"3047","訊舟","4,570,141","48,654,971","10.95","10.95","10.25","10.85","+0.05","1,441"
"3048","益登","96,123","1,267,660","13.15","13.25","13.10","13.20"," 0.00","86"
"3049","和鑫","38,997,086","473,103,579","12.70","12.85","11.80","12.15","-0.50","8,205"
"3050","鈺德","422,884","4,230,706","10.15","10.15","9.94","9.94","-0.06","182"
"3051","力特","94,187","298,801","3.10","3.22","3.10","3.20","+0.10","30"
"3052","夆典","428,642","3,404,029","7.96","8.14","7.85","8.14","+0.23","78"
"3054","立萬利","26,005","646,773","24.80","24.95","24.60","24.90","+0.05","16"
"3055","蔚華科","21,084","542,481","26.00","26.00","25.50","25.60","+0.10","22"
"3056","總太","455,206","9,051,151","20.00","20.10","19.60","19.80"," 0.00","264"
"3057","喬鼎","314,178","2,085,411","6.92","6.92","6.50","6.54","-0.37","143"
"3058","立德","202,452","1,632,431","8.15","8.20","8.02","8.08","-0.07","59"
"3059","華晶科","1,049,678","24,619,879","23.50","23.85","23.30","23.50","-0.10","530"
"3060","銘異","348,204","4,842,651","14.05","14.20","13.75","13.75","-0.40","192"
"3062","建漢","4,389,121","65,954,524","15.00","15.45","14.70","14.85","+0.65","2,023"
"3090","日電貿","474,687","24,724,563","52.20","52.70","51.80","52.00","-0.10","372"
"3094","聯傑","31,001","544,617","17.50","17.80","17.50","17.80","+0.10","15"
"3130","一零四","2,200","373,199","169.50","170.00","169.50","170.00","+0.50","4"
"3149","正達","395,450","3,922,347","10.05","10.05","9.80","9.89","-0.09","213"
"3164","景岳","29,002","760,002","26.30","26.30","26.10","26.25","-0.25","22"
"3167","大量","195,001","7,697,890","39.45","39.75","39.30","39.30","-0.10","84"
"3189","景碩","2,626,068","101,071,114","39.00","39.05","38.10","38.30","-0.50","1,565"
"3209","全科","116,531","2,115,937","18.20","18.30","18.10","18.15","-0.10","85"
"3229","晟鈦","93,000","1,150,200","12.35","12.70","12.25","12.50","-0.20","52"
"3231","緯創","7,878,491","178,794,657","22.60","22.80","22.60","22.65","+0.10","2,949"
"3257","虹冠電","52,006","3,162,660","61.00","61.50","60.50","60.50","-0.50","51"
"3266","昇陽","483,100","5,285,404","10.95","11.00","10.90","10.95","+0.05","85"
"3296","勝德","71,002","1,196,634","16.65","17.15","16.50","17.15","+0.55","33"
"3305","昇貿","40,414","815,270","20.40","20.40","20.00","20.25","-0.15","39"
"3308","聯德","5,049","31,101","6.15","6.16","6.15","6.16"," 0.00","8"
"3311","閎暉","133,245","1,866,775","14.15","14.15","13.95","13.95","-0.05","77"
"3312","弘憶股","462,229","5,529,468","12.00","12.05","11.90","11.90"," 0.00","118"
"3321","同泰","481,100","6,936,180","14.35","14.85","14.15","14.80","+0.25","227"
"3338","泰碩","12,347,172","598,068,341","50.60","51.20","46.55","47.90","-2.60","7,612"
"3346","麗清","375,439","12,940,128","34.65","35.00","34.20","34.20","-0.85","206"
"3356","奇偶","89,557","2,543,511","28.90","28.95","28.15","28.50"," 0.00","75"
"3376","新日興","2,865,720","312,914,480","113.00","114.00","105.00","109.50","-3.00","1,889"
"3380","明泰","916,999","16,218,831","17.65","17.80","17.60","17.70"," 0.00","456"
"3383","新世紀","25,393","26,989","1.08","1.08","1.05","1.07","-0.01","12"
"3406","玉晶光","17,124,400","5,873,082,395","350.00","353.00","332.50","342.50","-1.00","13,180"
"3413","京鼎","253,537","28,097,874","111.00","112.00","109.50","111.50","+1.00","208"
"3416","融程電","81,500","4,484,750","55.20","55.70","54.20","55.00","+0.50","68"
"3419","譁裕","966,003","14,243,595","15.10","15.15","14.55","14.55","-0.45","444"
"3432","台端","121,502","1,732,703","14.55","14.55","14.15","14.15","-0.20","52"
"3437","榮創","1,087,305","15,103,245","14.00","14.20","13.70","13.80","-0.20","548"
"3443","創意","3,658,140","773,613,880","215.50","217.00","208.50","214.00","+1.00","2,687"
"3450","聯鈞","1,149,784","60,367,516","53.10","53.80","51.50","51.70","-1.40","919"
"3454","晶睿","223,408","25,326,104","114.50","115.50","112.50","113.00"," 0.00","189"
"3481","群創","90,717,043","690,545,103","7.50","7.74","7.50","7.57","+0.01","14,543"
"3494","誠研","240,001","1,081,864","4.46","4.57","4.45","4.54","+0.09","86"
"3501","維熹","172,292","8,851,260","51.70","51.70","51.10","51.40","+0.10","107"
"3504","揚明光","2,147,460","186,998,948","87.50","88.40","85.10","87.80","+0.80","1,614"
"3515","華擎","74,125","4,344,400","58.50","59.10","58.20","58.70","-0.10","64"
"3518","柏騰","37,001","627,667","17.10","17.10","16.75","16.95","-0.05","28"
"3528","安馳","550,299","22,013,846","40.00","40.10","40.00","40.00","+0.10","197"
"3530","晶相光","187,000","13,848,600","76.10","76.20","73.10","73.40","-3.50","139"
"3532","台勝科","534,680","54,544,197","103.00","104.50","100.50","102.50","-0.50","465"
"3533","嘉澤","772,660","167,342,400","218.00","221.50","214.50","215.00","-3.00","679"
"3535","晶彩科","10,479,128","347,786,935","33.95","33.95","32.30","33.30","+0.25","5,549"
"3536","誠創","105,868","643,785","6.08","6.16","6.02","6.06","-0.10","48"
"3545","敦泰","3,056,814","64,272,236","21.70","21.75","20.55","20.65","-0.95","1,468"
"3550","聯穎","199,000","3,027,700","15.10","15.35","15.00","15.15","-0.15","100"
"3557","嘉威","537,676","13,083,406","23.80","24.65","23.80","24.50","+0.70","266"
"3563","牧德","478,586","169,942,444","361.50","364.00","350.50","351.00","-10.00","486"
"3576","聯合再生","10,107,580","103,119,316","10.40","10.45","10.10","10.15","-0.25","2,811"
"3579","尚志","9,997","15,689","1.57","1.57","1.57","1.57","-0.17","14"
"3583","辛耘","453,000","26,734,700","60.20","60.50","58.40","58.50","-1.70","340"
"3588","通嘉","34,002","735,242","21.70","21.85","21.55","21.65","-0.20","27"
"3591","艾笛森","97,165","1,456,138","15.00","15.10","14.85","14.85"," 0.00","33"
"3593","力銘","19,004","146,918","7.64","7.99","7.63","7.70","-0.30","18"
"3596","智易","2,960,123","234,824,178","79.50","80.50","77.70","78.80","+0.20","2,159"
"3605","宏致","106,005","2,387,660","22.55","22.95","22.45","22.45","-0.15","88"
"3607","谷崧","177,002","2,980,982","17.10","17.50","16.50","16.60","-0.40","119"
"3617","碩天","175,098","16,562,749","96.00","96.00","93.20","94.50","+0.70","145"
"3622","洋華","111,049","1,822,347","16.50","16.60","16.35","16.35","-0.10","55"
"3645","達邁","1,017,201","48,888,551","49.30","49.70","47.20","47.35","-1.95","736"
"3653","健策","2,152,200","211,431,000","98.00","101.00","94.10","100.50","+3.00","1,636"
"3661","世芯-KY","2,664,452","204,652,620","79.60","80.20","75.20","75.60","-3.20","2,092"
"3665","貿聯-KY","3,367,456","658,741,552","206.00","206.50","188.00","190.50","-17.50","2,676"
"3669","圓展","14,000","231,900","16.75","16.75","16.50","16.50"," 0.00","14"
"3673","TPK-KY","2,409,423","118,433,821","50.20","50.50","48.75","48.75","-1.25","1,633"
"3679","新至陞","18,000","902,800","50.00","50.50","50.00","50.00"," 0.00","14"
"3682","亞太電","3,128,499","22,620,475","7.25","7.30","7.20","7.21"," 0.00","781"
"3686","達能","386,022","559,118","1.46","1.46","1.43","1.43","-0.04","47"
"3694","海華","120,000","2,358,000","20.30","20.30","19.30","19.60","-0.40","79"
"3698","隆達","2,261,853","31,422,192","14.10","14.25","13.65","14.00","-0.10","884"
"3701","大眾控","26,998","382,660","14.10","14.20","14.10","14.20","-0.05","32"
"3702","大聯大","1,704,303","66,701,547","39.25","39.45","38.90","39.15","+0.35","1,078"
"3703","欣陸","6,428,220","105,404,798","16.55","16.55","16.15","16.15","-0.40","1,785"
"3704","合勤控","14,101,966","300,775,498","21.25","22.05","20.50","22.05","+0.15","6,125"
"3705","永信","61,315","2,571,780","41.90","42.00","41.85","41.85","-0.05","44"
"3706","神達","983,076","28,994,323","29.60","29.75","29.35","29.40","-0.20","652"
"3708","上緯投控","5,211,360","491,486,106","91.40","97.00","91.00","95.20","+6.70","4,312"
"3711","日月光投控","8,651,497","561,359,846","65.60","65.60","64.40","64.50","-1.10","4,444"
"3712","永崴投控","490,934","10,255,967","21.25","21.30","20.70","20.85","-0.40","338"
"4104","佳醫","128,512","6,420,166","50.30","50.30","49.70","49.90","-0.20","118"
"4106","雃博","28,152","696,642","25.20","25.20","24.60","24.75","-0.10","24"
"4108","懷特","220,554","4,199,195","19.40","19.40","18.90","18.95","-0.45","154"
"4119","旭富","3,126,825","302,462,036","96.60","98.40","94.50","97.50","+2.60","2,341"
"4133","亞諾法","35,082","967,423","28.00","28.20","27.10","27.50","-0.65","36"
"4137","麗豐-KY","1,379,708","370,957,305","266.50","272.50","264.00","270.00","+5.00","1,245"
"4141","龍燈-KY","20,020","356,706","17.75","18.05","17.70","17.90","+0.05","19"
"4142","國光生","1,722,471","35,020,312","20.50","20.60","20.00","20.20","-0.20","737"
"4144","康聯-KY","535,162","15,699,005","28.80","29.80","28.80","28.90","+0.30","352"
"4148","全宇生技-KY","54,057","2,710,960","49.90","50.50","49.90","50.10","+0.10","39"
"4155","訊映","48,255","1,353,691","28.00","28.20","27.90","28.20","+0.15","32"
"4164","承業醫","161,133","6,255,755","39.05","39.15","38.55","38.60","-0.45","127"
"4190","佐登-KY","189,200","18,291,500","98.00","98.30","95.60","96.30","-0.70","170"
"4306","炎洲","578,527","7,431,437","12.75","13.05","12.70","12.70"," 0.00","275"
"4414","如興","1,620,224","22,431,316","13.90","14.00","13.65","13.70","-0.05","675"
"4426","利勤","3,790,412","239,073,581","65.00","66.10","60.50","65.50","+1.20","2,748"
"4438","廣越","180,775","28,984,225","163.00","163.00","159.00","159.00","-2.50","151"
"4526","東台","121,500","2,220,397","18.60","18.60","18.20","18.40","-0.05","62"
"4532","瑞智","251,549","6,287,577","25.00","25.10","24.85","25.00"," 0.00","130"
"4536","拓凱","135,000","18,867,000","142.00","142.00","137.00","141.00","+1.00","118"
"4540","全球傳動","469,115","29,771,216","65.00","65.40","62.60","63.00","-1.40","364"
"4545","銘鈺","8,000","195,850","24.90","24.90","23.95","24.30"," 0.00","7"
"4551","智伸科","134,000","13,331,700","99.00","101.00","98.20","101.00","+2.90","116"
"4552","力達-KY","160,550","8,039,254","49.80","50.70","49.75","49.80","-0.30","109"
"4555","氣立","2,000","118,200","59.30","59.30","58.90","58.90","-0.40","2"
"4557","永新-KY","41,001","2,945,372","72.10","72.10","71.30","71.60","-0.50","25"
"4560","強信-KY","242,000","13,157,600","54.50","54.70","54.00","54.40","+0.20","129"
"4562","穎漢","4,000","136,650","34.20","34.25","34.10","34.10","+0.15","4"
"4564","元翎","1,874,346","113,886,833","61.80","62.30","60.00","60.50","-1.80","1,143"
"4566","時碩工業","2,014,000","81,203,850","41.75","43.15","41.45","42.00"," 0.00","80"
"4720","德淵","45,000","602,250","13.45","13.45","13.30","13.40"," 0.00","12"
"4722","國精化","42,000","1,220,500","28.90","29.20","28.90","29.00","-0.10","20"
"4725","信昌化","1,406,000","25,829,550","18.60","18.75","18.10","18.35","-0.45","621"
"4737","華廣","4,095","209,507","51.90","51.90","50.90","50.90","+1.00","5"
"4739","康普","728,946","51,890,413","70.30","72.50","70.30","71.80","-1.10","473"
"4746","台耀","208,300","7,718,950","37.60","37.70","36.65","37.00","-0.60","161"
"4755","三福化","7,000","316,150","45.00","45.30","45.00","45.20","+0.10","5"
"4763","材料-KY","406,000","60,791,000","149.00","152.50","147.00","148.00"," 0.00","319"
"4764","雙鍵","56,000","4,311,400","77.00","77.10","76.80","77.10","+0.20","43"
"4766","南寶","291,530","47,607,420","160.50","164.50","160.50","163.00"," 0.00","286"
"4807","日成-KY","70,110","2,419,613","34.55","35.05","34.10","34.60","+0.05","58"
"4904","遠傳","2,400,954","181,924,011","75.70","76.20","75.60","75.60"," 0.00","1,256"
"4906","正文","3,766,951","92,000,685","24.45","24.80","23.85","24.75","+0.50","2,224"
"4912","聯德控股-KY","81,000","9,743,000","119.50","122.50","118.00","120.00","+0.50","70"
"4915","致伸","2,302,000","120,272,400","51.60","52.80","51.50","52.30","+0.50","1,650"
"4916","事欣科","346,002","12,176,820","35.35","35.50","35.00","35.00","-0.35","194"
"4919","新唐","602,100","26,806,260","45.00","45.45","44.00","44.20","-0.80","400"
"4927","泰鼎-KY","8,827,508","431,047,042","50.10","50.30","47.70","48.75","-0.80","4,352"
"4930","燦星網","82,100","922,115","11.35","11.35","11.15","11.15","-0.15","40"
"4934","太極","1,127,001","5,097,754","4.51","4.60","4.44","4.57","+0.05","264"
"4935","茂林-KY","329,000","12,402,200","38.60","38.65","36.80","36.80","-1.80","147"
"4938","和碩","4,280,560","216,136,869","50.50","50.80","50.20","50.50","+0.55","2,442"
"4942","嘉彰","775,452","29,352,216","38.60","38.75","37.20","37.50","-1.05","457"
"4943","康控-KY","2,492,124","321,088,248","131.00","132.50","126.00","127.50","-4.50","2,096"
"4952","凌通","174,000","5,907,050","34.20","34.25","33.75","33.80","-0.45","122"
"4956","光鋐","141,208","2,034,502","14.55","14.60","14.35","14.35","-0.15","78"
"4958","臻鼎-KY","6,557,752","590,036,878","88.80","91.50","88.70","89.60","+1.80","4,516"
"4960","誠美材","7,330,982","60,012,231","8.95","8.95","7.92","8.21","-0.59","1,274"
"4961","天鈺","730,085","27,777,746","38.50","38.60","37.80","38.05","-0.30","460"
"4967","十銓","98,272","2,547,349","26.15","26.15","25.60","26.10"," 0.00","71"
"4968","立積","2,997,140","165,817,491","55.70","56.70","53.80","56.40","+1.90","2,005"
"4976","佳凌","378,005","11,582,710","30.65","31.00","30.40","30.65","+0.20","278"
"4977","眾達-KY","787,473","64,070,388","83.50","83.50","79.50","81.50","-1.30","591"
"4989","榮科","269,000","6,454,800","24.20","24.40","23.80","23.80","-0.50","181"
"4994","傳奇","147,024","11,229,505","78.30","78.30","75.10","75.60","-2.70","131"
"4999","鑫禾","124,370","5,362,269","43.70","43.70","42.90","43.20","-0.30","89"
"5007","三星","23,275","1,227,530","52.40","52.90","52.40","52.90","+0.50","24"
"5203","訊連","54,852","3,951,644","72.00","72.10","71.80","72.00"," 0.00","39"
"5215","科嘉-KY","90,070","2,869,043","32.15","32.15","31.60","32.05","+0.05","57"
"5225","東科-KY","86,000","2,683,850","31.05","31.70","30.90","31.00","-0.05","55"
"5234","達興材料","294,615","24,945,275","85.60","85.70","84.00","84.70","-0.80","250"
"5243","乙盛-KY","170,000","5,998,750","35.85","35.90","35.10","35.20","-0.10","122"
"5258","虹堡","154,000","2,870,500","18.60","18.85","18.50","18.50","-0.05","109"
"5264","鎧勝-KY","1,004,300","38,720,794","37.50","39.40","37.50","38.45","+0.35","638"
"5269","祥碩","946,113","433,560,367","489.00","492.00","442.00","451.00","-38.00","882"
"5284","jpp-KY","4,000","223,100","55.80","55.80","55.70","55.70","+0.40","4"
"5285","界霖","75,020","4,763,576","64.50","64.70","63.00","63.60","-0.70","58"
"5288","豐祥-KY","466,010","65,168,920","142.00","142.00","138.00","142.00"," 0.00","329"
"5305","敦南","273,312","8,398,578","31.00","31.10","30.35","30.70","+0.10","194"
"5388","中磊","897,990","56,354,171","63.20","63.50","62.30","62.50","-0.70","620"
"5434","崇越","444,701","37,258,184","85.00","85.00","83.20","84.00","+0.10","357"
"5469","瀚宇博","6,063,400","178,191,368","29.45","29.95","28.80","28.80","-0.50","2,871"
"5471","松翰","155,305","4,655,064","30.05","30.10","29.90","29.95","-0.10","110"
"5484","慧友","54,008","226,842","4.20","4.26","4.17","4.17","-0.08","24"
"5515","建國","210,001","2,111,660","10.10","10.15","10.00","10.15","+0.05","59"
"5519","隆大","2,805,102","45,975,872","16.35","16.55","16.20","16.50","+0.40","1,033"
"5521","工信","375,050","2,684,168","7.20","7.20","7.13","7.17","-0.02","120"
"5522","遠雄","768,777","28,609,735","37.15","37.45","36.80","37.40","-0.05","534"
"5525","順天","137,585","3,625,393","26.40","26.55","26.20","26.40"," 0.00","106"
"5531","鄉林","267,567","2,577,110","9.70","9.70","9.58","9.68","-0.02","126"
"5533","皇鼎","56,812","916,242","16.15","16.20","16.10","16.10","-0.15","22"
"5534","長虹","452,954","38,553,300","85.00","85.90","84.30","85.10","+0.80","330"
"5538","東明-KY","1,000","35,450","35.45","35.45","35.45","35.45","-0.55","1"
"5607","遠雄港","1,151,003","22,177,957","19.15","19.65","18.85","19.30","+0.05","541"
"5608","四維航","481,583","4,039,537","8.64","8.64","8.31","8.31","-0.33","210"
"5706","鳳凰","28,300","1,034,682","36.60","36.60","36.50","36.60"," 0.00","19"
"5871","中租-KY","1,636,909","188,322,444","115.00","116.00","114.00","115.00","+0.50","1,252"
"5876","上海商銀","13,937,035","733,195,821","51.40","53.60","51.30","52.60","+1.50","5,405"
"5880","合庫金","15,993,367","315,959,765","19.65","19.85","19.65","19.75","+0.10","3,236"
"5906","台南-KY","41,090","524,602","12.80","12.85","12.70","12.85","+0.15","20"
"5907","大洋-KY","806,353","25,837,859","31.85","32.35","31.65","31.65"," 0.00","513"
"6005","群益證","1,487,740","13,602,550","9.15","9.16","9.12","9.13","-0.01","437"
"6024","群益期","161,081","7,345,905","45.85","45.85","45.50","45.70"," 0.00","127"
"6108","競國","309,323","9,026,897","29.50","29.65","28.95","29.10","-0.25","207"
"6112","聚碩","147,376","5,265,466","35.65","35.90","35.65","35.70","-0.20","104"
"6115","鎰勝","36,440","1,562,789","42.90","43.00","42.70","42.90"," 0.00","29"
"6116","彩晶","12,974,300","89,242,781","6.90","6.97","6.82","6.82","-0.04","3,066"
"6117","迎廣","1,000","14,100","14.10","14.10","14.10","14.10"," 0.00","1"
"6120","達運","1,091,618","19,171,152","17.90","17.90","17.30","17.30","-0.10","532"
"6128","上福","39,377","1,373,531","35.00","35.00","34.70","35.00","+0.30","28"
"6131","悠克","425,453","1,142,367","2.59","2.71","2.59","2.60","+0.04","53"
"6133","金橋","125,001","1,074,588","8.58","8.61","8.56","8.61","+0.05","39"
"6136","富爾特","63,593","1,277,747","20.00","20.20","20.00","20.10","+0.10","49"
"6139","亞翔","428,438","11,947,503","28.30","28.45","27.60","27.65","-0.65","275"
"6141","柏承","1,075,264","20,329,639","19.25","19.40","18.60","18.90","-0.25","520"
"6142","友勁","482,240","3,865,078","8.04","8.18","7.96","7.96","-0.19","129"
"6152","百一","88,002","400,888","4.56","4.57","4.54","4.54","-0.02","33"
"6153","嘉聯益","9,926,304","276,925,612","28.70","29.05","27.20","27.30","-1.45","4,913"
"6155","鈞寶","163,045","3,243,509","20.00","20.25","19.65","19.75","-0.25","111"
"6164","華興","213,201","1,696,639","7.99","7.99","7.81","7.94","-0.01","46"
"6165","捷泰","56,052","441,964","7.90","7.94","7.71","7.91","-0.03","25"
"6166","凌華","80,090","3,101,260","38.80","39.50","38.35","38.70","-0.10","67"
"6168","宏齊","349,768","4,893,310","14.00","14.10","13.90","13.95","+0.05","168"
"6172","互億","103,306","1,703,649","16.60","16.70","16.30","16.50","-0.10","57"
"6176","瑞儀","2,149,379","217,021,065","99.90","102.00","99.90","101.00","+1.80","1,450"
"6177","達麗","234,266","7,076,655","30.25","30.45","30.05","30.15","-0.05","145"
"6183","關貿","73,584","2,504,191","34.05","34.15","33.95","34.15","+0.10","63"
"6184","大豐電","49,677","1,859,567","37.40","37.55","37.20","37.45","+0.05","42"
"6189","豐藝","246,563","8,092,467","32.80","32.90","32.75","32.80","-0.10","121"
"6191","精成科","1,900,102","27,569,127","14.70","14.75","14.30","14.50"," 0.00","773"
"6192","巨路","267,551","19,790,339","76.50","76.50","72.80","73.50","-2.00","237"
"6196","帆宣","195,530","9,508,886","48.60","49.65","48.35","48.65","-0.10","162"
"6197","佳必琪","141,500","4,095,700","29.15","29.15","28.85","28.90","-0.30","111"
"6201","亞弘電","90,220","3,122,100","34.60","34.80","34.60","34.80","+0.20","13"
"6202","盛群","776,580","51,051,638","66.00","66.60","65.20","65.50","+0.30","618"
"6205","詮欣","6,000","161,400","26.90","26.90","26.90","26.90"," 0.00","5"
"6206","飛捷","88,062","6,923,391","77.90","79.30","77.50","79.20","+1.70","82"
"6209","今國光","458,200","12,583,769","27.55","27.85","27.15","27.35","-0.15","316"
"6213","聯茂","12,521,250","1,107,917,241","90.10","91.00","86.30","89.60","-2.20","8,025"
"6214","精誠","910,816","66,284,807","72.80","73.40","72.00","72.30","-0.40","666"
"6215","和椿","990,020","15,977,521","15.60","16.40","15.60","15.95","+0.45","434"
"6216","居易","46,049","1,292,146","28.00","28.20","27.95","28.05","+0.05","28"
"6224","聚鼎","238,001","12,856,555","54.30","54.50","53.70","53.90","-0.60","186"
"6225","天瀚","2,000","5,780","3.00","3.00","2.78","2.78","-0.12","2"
"6226","光鼎","76,706","592,206","7.76","7.76","7.69","7.70","-0.06","43"
"6230","超眾","2,413,107","364,925,299","152.00","154.00","147.00","153.00","+3.00","1,789"
"6235","華孚","567,705","6,476,257","11.30","11.70","11.00","11.60","+0.25","270"
"6239","力成","1,612,236","119,468,464","74.00","74.70","73.80","74.30","+0.20","1,084"
"6243","迅杰","99,432","918,333","9.18","9.35","9.18","9.29","-0.21","50"
"6251","定穎","487,218","4,118,152","8.59","8.59","8.38","8.54","-0.05","197"
"6257","矽格","582,509","16,478,105","28.40","28.50","28.10","28.30","-0.10","392"
"6269","台郡","6,142,725","490,567,600","82.00","82.00","79.00","79.80","-1.40","4,202"
"6271","同欣電","865,200","88,837,700","103.50","104.00","102.00","102.50","-0.50","645"
"6277","宏正","89,078","7,873,742","88.00","89.10","88.00","88.20","+0.50","89"
"6278","台表科","8,253,388","465,716,300","58.50","58.60","54.90","56.10","-1.70","5,086"
"6281","全國電","31,531","2,074,884","65.80","66.00","65.70","65.70"," 0.00","36"
"6282","康舒","2,032,412","38,943,333","19.15","19.45","18.90","19.40","+0.10","849"
"6283","淳安","158,515","5,608,353","35.70","35.85","35.20","35.25","-0.60","129"
"6285","啟碁","2,550,195","172,512,160","68.50","68.80","67.10","67.50","-1.00","1,702"
"6288","聯嘉","623,000","10,632,700","17.40","17.55","16.70","17.20","-0.10","257"
"6289","華上","82,750","49,720","0.61","0.61","0.60","0.60"," 0.00","17"
"6405","悅城","17,001","235,013","13.80","14.00","13.80","14.00","+0.10","16"
"6409","旭隼","30,078","18,061,112","599.00","607.00","597.00","599.00"," 0.00","32"
"6412","群電","287,031","13,787,499","48.30","49.05","47.95","47.95","-0.35","189"
"6414","樺漢","674,835","142,289,025","214.00","214.50","207.00","211.50"," 0.00","563"
"6415","矽力-KY","447,674","202,040,908","487.50","488.50","440.00","443.50","-44.00","450"
"6416","瑞祺電通","121,500","8,854,298","73.50","73.50","71.80","72.60","-0.40","94"
"6431","光麗-KY","57,776","1,561,623","26.95","27.50","26.55","27.15","+0.20","46"
"6442","光聖","67,180","2,540,394","38.35","38.35","37.50","38.20","-0.15","46"
"6443","元晶","1,739,895","11,644,466","6.78","6.78","6.65","6.65","-0.15","558"
"6449","鈺邦","98,126","2,807,964","29.00","29.00","28.40","28.80","-0.45","79"
"6451","訊芯-KY","1,504,153","139,058,735","91.30","94.30","90.20","94.10","+3.30","1,197"
"6452","康友-KY","958,693","225,142,241","233.50","238.00","231.00","238.00","+4.50","765"
"6456","GIS-KY","1,778,307","168,571,965","96.00","96.30","93.70","94.10","-0.90","1,444"
"6464","台數科","2,000","216,000","108.00","108.00","108.00","108.00"," 0.00","2"
"6477","安集","670,000","15,965,400","23.95","24.25","23.55","23.55","-0.45","339"
"6504","南六","17,000","2,763,500","160.50","163.50","160.50","162.50","+2.50","17"
"6505","台塑化","3,797,143","434,736,802","113.50","115.00","113.00","114.50","+1.50","2,084"
"6525","捷敏-KY","152,300","10,132,379","67.10","67.20","66.20","66.20","-0.90","122"
"6531","愛普","235,316","8,642,877","37.30","37.30","35.60","36.90","-0.25","163"
"6533","晶心科","1,091,214","112,108,042","104.00","106.00","100.50","100.50"," 0.00","912"
"6541","泰福-KY","79,000","5,050,000","63.60","64.30","63.60","64.30","+0.70","64"
"6552","易華電","5,883,345","618,634,070","111.00","112.00","102.50","102.50","-7.00","4,074"
"6558","興能高","1,216,000","65,290,100","55.80","56.20","51.80","54.00","-1.60","863"
"6573","虹揚-KY","80,000","1,906,250","24.50","24.60","23.50","23.50","-1.00","52"
"6579","研揚","23,300","1,862,070","80.00","80.10","79.70","79.90","+0.10","22"
"6581","鋼聯","43,250","4,060,300","94.00","96.20","93.50","96.20","+2.20","39"
"6582","申豐","19,000","1,018,000","53.40","54.00","53.40","54.00","+0.60","12"
"6591","動力-KY","429,000","18,938,300","45.10","45.30","43.00","43.80","-1.60","235"
"6605","帝寶","49,469","3,428,761","69.90","69.90","69.00","69.10"," 0.00","45"
"6625","必應","2,050","104,040","50.60","50.90","50.60","50.90","+0.20","3"
"6641","基士德-KY","52,309","3,252,758","61.50","63.00","61.50","62.50","+0.70","42"
"6655","科定","58,776","3,144,228","53.50","53.60","53.50","53.50"," 0.00","15"
"6666","羅麗芬-KY","52,300","9,224,200","178.50","178.50","175.00","175.00","-1.00","52"
"6668","中揚光","309,700","20,620,258","68.00","68.00","66.00","66.40","-0.50","236"
"6669","緯穎","828,911","271,021,130","326.00","333.00","321.00","327.00","+3.50","750"
"6670","復盛應用","771,165","128,902,385","167.00","168.00","165.00","167.00","+1.50","607"
"6671","三能-KY","6,000","281,700","47.00","47.00","46.70","46.70","-0.30","3"
"6672","騰輝電子-KY","222,014","17,337,745","78.20","79.30","77.40","78.10","+0.30","192"
"6674","鋐寶科技","46,000","1,407,150","30.15","31.85","30.15","30.50","-0.90","39"
"8011","台通","205,161","3,233,605","15.95","16.05","15.60","15.80","-0.10","126"
"8016","矽創","8,941,188","999,490,213","119.50","119.50","108.50","114.50","-6.00","5,851"
"8021","尖點","165,976","3,079,246","18.65","18.70","18.45","18.55","-0.10","111"
"8028","昇陽半導體","1,423,000","58,099,100","41.80","42.40","40.00","40.55","-1.25","853"
"8033","雷虎","699,049","6,915,405","10.00","10.10","9.80","9.90","-0.10","280"
"8039","台虹","2,623,000","108,602,343","42.80","42.80","40.60","40.85","-0.85","1,591"
"8046","南電","11,419,739","440,289,485","40.65","40.85","37.40","38.15","-2.45","5,929"
"8070","長華","168,110","26,538,490","158.50","159.00","156.50","159.00","+1.50","134"
"8072","陞泰","37,242","760,036","20.50","20.80","20.25","20.25","-0.05","21"
"8081","致新","1,703,764","154,297,466","88.60","92.00","88.40","91.00","+2.40","1,309"
"8101","華冠","477,719","1,477,413","3.04","3.14","3.03","3.14","+0.06","117"
"8103","瀚荃","39,113","936,835","23.85","24.10","23.85","23.90","-0.10","43"
"8104","錸寶","250,145","18,035,524","72.40","73.40","70.80","72.20","-0.20","194"
"8105","凌巨","1,520,001","14,324,509","9.60","9.60","9.27","9.30","-0.23","567"
"8110","華東","943,015","9,167,785","9.82","9.90","9.61","9.62","-0.19","306"
"8112","至上","575,609","17,216,830","29.90","30.00","29.85","29.90","+0.05","340"
"8114","振樺電","35,317","3,610,491","104.00","104.00","101.50","102.50","+0.50","39"
"8131","福懋科","256,143","8,737,104","34.05","34.45","33.90","34.00","-0.70","209"
"8150","南茂","6,813,197","165,752,466","24.90","25.20","24.05","24.20","-0.70","2,944"
"8163","達方","1,243,550","52,935,759","43.10","43.40","42.20","42.20","-0.80","924"
"8201","無敵","3,970","50,468","12.80","12.80","12.70","12.70"," 0.00","6"
"8210","勤誠","683,590","41,483,006","59.90","61.90","59.40","61.50","+1.80","538"
"8213","志超","4,127,837","148,069,060","36.90","37.15","35.25","35.45","-1.35","2,138"
"8215","明基材","3,051,340","75,179,360","24.50","24.95","24.30","24.70","+0.70","1,653"
"8222","寶一","654,005","13,785,803","20.90","21.55","20.65","20.75","+0.15","330"
"8249","菱光","57,105","1,225,977","22.10","22.10","21.30","21.30","-0.40","40"
"8261","富鼎","184,292","4,611,632","25.25","25.45","24.85","24.90","-0.55","146"
"8271","宇瞻","132,830","4,210,560","32.00","32.00","31.60","31.75","-0.05","89"
"8341","日友","204,460","55,164,929","268.00","274.00","266.00","269.00","+3.50","201"
"8367","建新國際","8,654","192,333","22.30","22.30","22.10","22.10"," 0.00","10"
"8374","羅昇","152,118","2,907,378","19.35","19.40","19.00","19.00","-0.60","107"
"8404","百和興業-KY","93,872","4,400,476","46.85","47.00","46.50","47.00","+0.40","75"
"8411","福貞-KY","8,000","121,500","15.15","15.25","15.15","15.25","+0.10","8"
"8422","可寧衛","96,548","16,244,831","168.00","168.50","168.00","168.50","+0.50","116"
"8427","基勝-KY","3,001","118,289","39.30","39.60","39.30","39.60","+0.25","4"
"8429","金麗-KY","295,491","4,436,165","15.00","15.15","14.90","14.95","-0.10","157"
"8442","威宏-KY","36,000","2,199,500","61.00","61.40","60.90","61.00"," 0.00","20"
"8443","阿瘦","16,000","190,750","11.90","12.00","11.90","11.90","+0.05","12"
"8454","富邦媒","72,031","18,824,184","261.00","265.00","256.00","262.50","+7.00","69"
"8462","柏文","67,394","14,523,710","215.00","219.00","213.50","216.00","-2.00","75"
"8463","潤泰材","41,059","1,024,369","24.80","25.50","24.80","24.90","+0.10","34"
"8464","億豐","2,044,700","453,068,200","231.00","231.00","225.00","228.00","-2.50","961"
"8466","美吉吉-KY","39,000","2,646,400","68.00","69.60","66.90","68.30","-1.70","37"
"8467","波力-KY","29,000","1,218,850","42.30","42.30","41.70","41.85","+0.55","28"
"8473","山林水","1,640,394","79,329,274","50.80","50.80","47.05","47.20","-4.50","1,516"
"8478","東哥遊艇","21,080","841,730","39.90","40.05","39.70","39.70","+0.90","20"
"8480","泰昇-KY","7,200","917,400","127.00","128.00","127.00","128.00","X0.00","6"
"8481","政伸","33,067","2,018,046","60.90","61.30","60.60","60.60","+0.20","11"
"8482","商億-KY","144,061","19,831,857","138.00","138.50","136.50","138.00"," 0.00","71"
"8488","吉源-KY","2,000","32,100","16.05","16.05","16.05","16.05","X0.00","2"
"8497","格威傳媒","39,000","1,922,650","48.50","50.00","48.45","49.85","+1.35","33"
"8499","鼎炫-KY","148,167","13,702,364","94.20","94.20","91.50","92.00","-2.20","141"
"8926","台汽電","736,300","19,732,400","26.65","26.90","26.65","26.80","+0.20","366"
"8940","新天地","39,031","470,884","12.05","12.30","12.00","12.10","-0.05","26"
"8996","高力","46,001","1,911,345","41.80","41.95","41.35","41.40","-0.20","27"
"9103","美德醫療-DR","60,000","61,200","1.02","1.02","1.02","1.02"," 0.00","17"
"910322","康師傅-DR","2,000","49,250","24.70","24.70","24.55","24.55","-0.55","2"
"910482","聖馬丁-DR","172,000","52,420","0.31","0.31","0.30","0.31"," 0.00","7"
"9105","泰金寶-DR","1,386,639","3,288,365","2.39","2.39","2.36","2.36","-0.02","166"
"910708","恒大健-DR","0","0","0.00","0.00","0.00","0.00"," 0.00","0"
"910861","神州-DR","0","0","0.00","0.00","0.00","0.00"," 0.00","0"
"9110","越南控-DR","97,000","168,830","1.79","1.84","1.70","1.84","+0.04","33"
"911608","明輝-DR","0","0","0.00","0.00","0.00","0.00"," 0.00","0"
"911616","杜康-DR","1,001","810","0.81","0.81","0.81","0.81","+0.01","2"
"911619","耀傑-DR","0","0","0.00","0.00","0.00","0.00"," 0.00","0"
"911622","泰聚亨-DR","0","0","0.00","0.00","0.00","0.00"," 0.00","0"
"911868","同方友友-DR","33,000","38,790","1.19","1.19","1.17","1.19","-0.02","9"
"912000","晨訊科-DR","21,000","49,050","2.34","2.36","2.31","2.36","-0.01","12"
"912398","友佳-DR","30,000","140,500","4.70","4.70","4.65","4.65","-0.15","2"
"9136","巨騰-DR","208,000","1,682,490","8.22","8.22","8.00","8.00","-0.16","73"
"9157","陽光能源-DR","13,000","7,410","0.57","0.60","0.55","0.60"," 0.00","8"
"9188","精熙-DR","9,000","43,830","4.87","4.87","4.87","4.87"," 0.00","7"
"9802","鈺齊-KY","349,340","22,038,660","63.80","63.90","62.30","63.20","-0.70","281"
"9902","台火","211,208","2,104,125","10.05","10.05","9.85","9.94","+0.04","100"
"9904","寶成","7,274,604","262,051,645","36.05","36.30","35.70","36.05","+0.30","3,907"
"9905","大華","89,001","2,182,324","24.55","24.60","24.50","24.50","-0.05","70"
"9906","欣巴巴","28,436","342,186","11.90","12.15","11.90","12.00","+0.10","24"
"9907","統一實","810,075","10,030,881","12.30","12.45","12.30","12.35","+0.05","328"
"9908","大台北","118,250","3,438,850","29.10","29.25","29.00","29.25","+0.15","97"
"9910","豐泰","1,298,208","335,715,872","256.00","262.00","253.00","260.00","+5.00","1,077"
"9911","櫻花","325,214","14,038,453","43.85","43.85","42.75","42.80","-0.10","192"
"9912","偉聯","28,002","250,386","8.88","9.01","8.88","8.90","-0.12","18"
"9914","美利達","1,503,209","276,838,931","189.00","191.00","180.00","180.00","-5.00","1,242"
"9917","中保","232,021","20,389,353","87.60","88.40","87.30","87.80","+0.20","226"
"9918","欣天然","5,105","170,349","33.40","33.40","33.35","33.35","-0.15","10"
"9919","康那香","25,105","271,081","10.85","10.85","10.75","10.85","-0.05","26"
"9921","巨大","1,850,004","413,304,761","228.00","228.00","221.00","221.00","-0.50","1,486"
"9924","福興","214,338","8,780,708","41.15","41.20","40.80","40.80","-0.40","171"
"9925","新保","252,583","9,480,435","37.70","37.70","37.40","37.70","-0.05","174"
"9926","新海","6,097","247,036","40.60","40.60","40.50","40.50"," 0.00","10"
"9927","泰銘","98,477","3,046,289","30.95","31.15","30.80","30.85","-0.05","78"
"9928","中視","3,330","15,894","4.80","4.80","4.71","4.71","+0.01","3"
"9929","秋雨","3,002","53,234","17.70","17.80","17.70","17.80","-0.05","5"
"9930","中聯資源","45,236","2,340,372","51.70","51.80","51.70","51.70"," 0.00","46"
"9931","欣高","6,002","195,114","32.55","32.55","32.50","32.50"," 0.00","6"
"9933","中鼎","652,241","30,881,032","46.65","47.80","46.65","47.30","+0.65","483"
"9934","成霖","151,787","2,625,753","17.25","17.40","17.15","17.35","+0.15","104"
"9935","慶豐富","491,536","12,075,873","24.60","24.90","24.30","24.40","+0.10","269"
"9937","全國","12,001","509,642","42.30","42.50","42.30","42.50"," 0.00","4"
"9938","百和","1,724,585","131,131,651","76.50","76.70","75.40","76.30","+0.30","1,329"
"9939","宏全","209,270","10,207,880","49.00","49.30","48.50","48.70","-0.30","182"
"9940","信義","189,710","6,005,911","31.35","31.80","31.35","31.75","+0.45","163"
"9941","裕融","285,012","32,187,373","112.50","114.00","111.00","113.00","+0.50","218"
"9941A","裕融甲特","49,000","2,636,000","53.80","53.90","53.70","53.90","+0.10","18"
"9942","茂順","68,055","4,861,504","71.60","71.60","71.00","71.20","-0.40","43"
"9943","好樂迪","946,545","63,182,558","66.60","67.50","66.30","66.70","+0.40","497"
"9944","新麗","28,097","447,192","15.95","15.95","15.90","15.95","+0.05","12"
"9945","潤泰新","991,703","40,046,897","40.10","40.70","40.10","40.70","+0.65","688"
"9946","三發地產","701,085","13,673,999","19.60","19.70","19.30","19.50","-0.10","407"
"9955","佳龍","44,000","555,650","12.75","12.75","12.55","12.55","-0.20","22"
"9958","世紀鋼","7,804,016","504,889,044","62.00","66.20","61.80","64.40","+3.60","5,288"
